Category: 📺央视频道, Name: CCTV-1, Total: 402, Valid: 55, Valid Percent: 13.68%, IPv4: 319, IPv6: 83, Min Delay: 110 ms, Max Speed: 21.54 M/s, Avg Speed: 1.70 M/s, Max Resolution: 1920x1080
Category: 📺央视频道, Name: CCTV-2, Total: 381, Valid: 59, Valid Percent: 15.49%, IPv4: 307, IPv6: 74, Min Delay: 93 ms, Max Speed: 9.43 M/s, Avg Speed: 1.26 M/s, Max Resolution: 1920x1080
Category: 📺央视频道, Name: CCTV-3, Total: 371, Valid: 52, Valid Percent: 14.02%, IPv4: 305, IPv6: 66, Min Delay: 113 ms, Max Speed: 6.45 M/s, Avg Speed: 1.15 M/s, Max Resolution: 1920x1080
Category: 📺央视频道, Name: CCTV-4, Total: 408, Valid: 46, Valid Percent: 11.27%, IPv4: 342, IPv6: 66, Min Delay: 117 ms, Max Speed: 9.45 M/s, Avg Speed: 0.90 M/s, Max Resolution: 1920x1080
Category: 📺央视频道, Name: CCTV-5, Total: 417, Valid: 56, Valid Percent: 13.43%, IPv4: 336, IPv6: 81, Min Delay: 112 ms, Max Speed: 9.63 M/s, Avg Speed: 1.64 M/s, Max Resolution: 1920x1080
Category: 📺央视频道, Name: CCTV-5+, Total: 223, Valid: 29, Valid Percent: 13.00%, IPv4: 176, IPv6: 47, Min Delay: 108 ms, Max Speed: 7.00 M/s, Avg Speed: 1.69 M/s, Max Resolution: 1920x1080
Category: 📺央视频道, Name: CCTV-6, Total: 366, Valid: 38, Valid Percent: 10.38%, IPv4: 303, IPv6: 63, Min Delay: 115 ms, Max Speed: 10.63 M/s, Avg Speed: 1.35 M/s, Max Resolution: 1920x1080
Category: 📺央视频道, Name: CCTV-7, Total: 360, Valid: 49, Valid Percent: 13.61%, IPv4: 287, IPv6: 73, Min Delay: 106 ms, Max Speed: 6.26 M/s, Avg Speed: 1.22 M/s, Max Resolution: 1920x1080
Category: 📺央视频道, Name: CCTV-8, Total: 361, Valid: 55, Valid Percent: 15.24%, IPv4: 301, IPv6: 60, Min Delay: 110 ms, Max Speed: 9.15 M/s, Avg Speed: 1.01 M/s, Max Resolution: 1920x1080
Category: 📺央视频道, Name: CCTV-9, Total: 371, Valid: 49, Valid Percent: 13.21%, IPv4: 299, IPv6: 72, Min Delay: 76 ms, Max Speed: 13.57 M/s, Avg Speed: 1.44 M/s, Max Resolution: 1920x1080
Category: 📺央视频道, Name: CCTV-10, Total: 370, Valid: 45, Valid Percent: 12.16%, IPv4: 297, IPv6: 73, Min Delay: 118 ms, Max Speed: 11.11 M/s, Avg Speed: 1.41 M/s, Max Resolution: 1920x1080
Category: 📺央视频道, Name: CCTV-11, Total: 296, Valid: 54, Valid Percent: 18.24%, IPv4: 219, IPv6: 77, Min Delay: 112 ms, Max Speed: 12.22 M/s, Avg Speed: 1.52 M/s, Max Resolution: 1920x1080
Category: 📺央视频道, Name: CCTV-12, Total: 328, Valid: 48, Valid Percent: 14.63%, IPv4: 255, IPv6: 73, Min Delay: 121 ms, Max Speed: 11.91 M/s, Avg Speed: 1.71 M/s, Max Resolution: 1920x1080
Category: 📺央视频道, Name: CCTV-13, Total: 308, Valid: 59, Valid Percent: 19.16%, IPv4: 226, IPv6: 82, Min Delay: 109 ms, Max Speed: 12.27 M/s, Avg Speed: 1.64 M/s, Max Resolution: 1920x1080
Category: 📺央视频道, Name: CCTV-14, Total: 327, Valid: 50, Valid Percent: 15.29%, IPv4: 248, IPv6: 79, Min Delay: 106 ms, Max Speed: 11.30 M/s, Avg Speed: 1.65 M/s, Max Resolution: 1920x1080
Category: 📺央视频道, Name: CCTV-15, Total: 306, Valid: 52, Valid Percent: 16.99%, IPv4: 228, IPv6: 78, Min Delay: 112 ms, Max Speed: 13.30 M/s, Avg Speed: 1.62 M/s, Max Resolution: 1920x1080
Category: 📺央视频道, Name: CCTV-16, Total: 127, Valid: 14, Valid Percent: 11.02%, IPv4: 94, IPv6: 33, Min Delay: 138 ms, Max Speed: 10.54 M/s, Avg Speed: 2.56 M/s, Max Resolution: 1920x1080
Category: 📺央视频道, Name: CCTV-17, Total: 207, Valid: 30, Valid Percent: 14.49%, IPv4: 148, IPv6: 59, Min Delay: 120 ms, Max Speed: 12.08 M/s, Avg Speed: 2.11 M/s, Max Resolution: 1920x1080
Category: 📺央视频道, Name: CETV-1, Total: 44, Valid: 3, Valid Percent: 6.82%, IPv4: 32, IPv6: 12, Min Delay: 152 ms, Max Speed: 7.67 M/s, Avg Speed: 5.13 M/s, Max Resolution: 1920x1080
Category: 📺央视频道, Name: CETV-2, Total: 28, Valid: 2, Valid Percent: 7.14%, IPv4: 17, IPv6: 11, Min Delay: 152 ms, Max Speed: 7.81 M/s, Avg Speed: 7.61 M/s, Max Resolution: 1920x1080
Category: 📺央视频道, Name: CETV-3, Total: 10, Valid: 0, Valid Percent: 0.00%, IPv4: 4, IPv6: 6, Min Delay: -1 ms, Max Speed: 0.00 M/s, Avg Speed: 0.00 M/s, Max Resolution: None
Category: 💰央视付费频道, Name: 央视台球, Total: 5, Valid: 1, Valid Percent: 20.00%, IPv4: 4, IPv6: 1, Min Delay: 396 ms, Max Speed: 12.00 M/s, Avg Speed: 12.00 M/s, Max Resolution: 1920x1080
Category: 📺央视频道, Name: CETV-4, Total: 37, Valid: 3, Valid Percent: 8.11%, IPv4: 26, IPv6: 11, Min Delay: 142 ms, Max Speed: 8.03 M/s, Avg Speed: 5.07 M/s, Max Resolution: 1920x1080
Category: 💰央视付费频道, Name: 文化精品, Total: 7, Valid: 1, Valid Percent: 14.29%, IPv4: 5, IPv6: 2, Min Delay: 410 ms, Max Speed: 9.85 M/s, Avg Speed: 9.85 M/s, Max Resolution: 1920x1080
Category: 💰央视付费频道, Name: 风云音乐, Total: 13, Valid: 4, Valid Percent: 30.77%, IPv4: 11, IPv6: 2, Min Delay: 452 ms, Max Speed: 10.52 M/s, Avg Speed: 2.72 M/s, Max Resolution: 1920x1080
Category: 💰央视付费频道, Name: 第一剧场, Total: 24, Valid: 5, Valid Percent: 20.83%, IPv4: 20, IPv6: 4, Min Delay: 373 ms, Max Speed: 10.96 M/s, Avg Speed: 2.31 M/s, Max Resolution: 1920x1080
Category: 💰央视付费频道, Name: 风云剧场, Total: 9, Valid: 2, Valid Percent: 22.22%, IPv4: 7, IPv6: 2, Min Delay: 417 ms, Max Speed: 11.09 M/s, Avg Speed: 5.61 M/s, Max Resolution: 1920x1080
Category: 💰央视付费频道, Name: 怀旧剧场, Total: 12, Valid: 3, Valid Percent: 25.00%, IPv4: 10, IPv6: 2, Min Delay: 436 ms, Max Speed: 10.21 M/s, Avg Speed: 3.59 M/s, Max Resolution: 1920x1080
Category: 💰央视付费频道, Name: 女性时尚, Total: 10, Valid: 3, Valid Percent: 30.00%, IPv4: 9, IPv6: 1, Min Delay: 377 ms, Max Speed: 10.57 M/s, Avg Speed: 3.82 M/s, Max Resolution: 1920x1080
Category: 💰央视付费频道, Name: 风云足球, Total: 7, Valid: 4, Valid Percent: 57.14%, IPv4: 5, IPv6: 2, Min Delay: 329 ms, Max Speed: 6.79 M/s, Avg Speed: 1.84 M/s, Max Resolution: 1920x1080
Category: 💰央视付费频道, Name: 高尔夫网球, Total: 6, Valid: 1, Valid Percent: 16.67%, IPv4: 4, IPv6: 2, Min Delay: 419 ms, Max Speed: 10.87 M/s, Avg Speed: 10.87 M/s, Max Resolution: 1920x1080
Category: 💰央视付费频道, Name: 电视指南, Total: 6, Valid: 2, Valid Percent: 33.33%, IPv4: 5, IPv6: 1, Min Delay: 449 ms, Max Speed: 10.77 M/s, Avg Speed: 5.57 M/s, Max Resolution: 1920x1080
Category: 💰央视付费频道, Name: 世界地理, Total: 4, Valid: 3, Valid Percent: 75.00%, IPv4: 4, IPv6: 0, Min Delay: 412 ms, Max Speed: 13.16 M/s, Avg Speed: 4.42 M/s, Max Resolution: 1920x1080
Category: 💰央视付费频道, Name: 兵器科技, Total: 9, Valid: 2, Valid Percent: 22.22%, IPv4: 7, IPv6: 2, Min Delay: 398 ms, Max Speed: 12.54 M/s, Avg Speed: 6.34 M/s, Max Resolution: 1920x1080
Category: 📡卫视频道, Name: 香港卫视, Total: 21, Valid: 6, Valid Percent: 28.57%, IPv4: 9, IPv6: 12, Min Delay: 290 ms, Max Speed: 0.49 M/s, Avg Speed: 0.40 M/s, Max Resolution: 1280x720
Category: 📡卫视频道, Name: 广东卫视, Total: 320, Valid: 34, Valid Percent: 10.62%, IPv4: 237, IPv6: 83, Min Delay: 123 ms, Max Speed: 19.32 M/s, Avg Speed: 1.66 M/s, Max Resolution: 1920x1080
Category: 📡卫视频道, Name: 浙江卫视, Total: 308, Valid: 44, Valid Percent: 14.29%, IPv4: 224, IPv6: 84, Min Delay: 162 ms, Max Speed: 9.50 M/s, Avg Speed: 1.28 M/s, Max Resolution: 1920x1080
Category: 📡卫视频道, Name: 湖南卫视, Total: 321, Valid: 48, Valid Percent: 14.95%, IPv4: 244, IPv6: 77, Min Delay: 140 ms, Max Speed: 10.99 M/s, Avg Speed: 1.07 M/s, Max Resolution: 3840x2160
Category: 📡卫视频道, Name: 北京卫视, Total: 314, Valid: 30, Valid Percent: 9.55%, IPv4: 237, IPv6: 77, Min Delay: 141 ms, Max Speed: 10.65 M/s, Avg Speed: 1.34 M/s, Max Resolution: 1920x1080
Category: 📡卫视频道, Name: 湖北卫视, Total: 312, Valid: 41, Valid Percent: 13.14%, IPv4: 222, IPv6: 90, Min Delay: 76 ms, Max Speed: 7.03 M/s, Avg Speed: 1.14 M/s, Max Resolution: 1920x1080
Category: 📡卫视频道, Name: 黑龙江卫视, Total: 256, Valid: 27, Valid Percent: 10.55%, IPv4: 172, IPv6: 84, Min Delay: 144 ms, Max Speed: 7.97 M/s, Avg Speed: 0.80 M/s, Max Resolution: 1920x1080
Category: 📡卫视频道, Name: 安徽卫视, Total: 274, Valid: 40, Valid Percent: 14.60%, IPv4: 194, IPv6: 80, Min Delay: 145 ms, Max Speed: 12.72 M/s, Avg Speed: 0.95 M/s, Max Resolution: 1920x1080
Category: 📡卫视频道, Name: 重庆卫视, Total: 270, Valid: 33, Valid Percent: 12.22%, IPv4: 200, IPv6: 70, Min Delay: 492 ms, Max Speed: 3.60 M/s, Avg Speed: 0.41 M/s, Max Resolution: 1920x1080
Category: 📡卫视频道, Name: 东方卫视, Total: 311, Valid: 39, Valid Percent: 12.54%, IPv4: 217, IPv6: 94, Min Delay: 109 ms, Max Speed: 12.19 M/s, Avg Speed: 1.74 M/s, Max Resolution: 1920x1080
Category: 📡卫视频道, Name: 东南卫视, Total: 263, Valid: 31, Valid Percent: 11.79%, IPv4: 189, IPv6: 74, Min Delay: 127 ms, Max Speed: 5.49 M/s, Avg Speed: 0.72 M/s, Max Resolution: 1920x1080
Category: 📡卫视频道, Name: 甘肃卫视, Total: 142, Valid: 29, Valid Percent: 20.42%, IPv4: 90, IPv6: 52, Min Delay: 76 ms, Max Speed: 10.27 M/s, Avg Speed: 1.45 M/s, Max Resolution: 1920x1080
Category: 📡卫视频道, Name: 广西卫视, Total: 225, Valid: 35, Valid Percent: 15.56%, IPv4: 169, IPv6: 56, Min Delay: 162 ms, Max Speed: 9.31 M/s, Avg Speed: 0.95 M/s, Max Resolution: 1920x1080
Category: 📡卫视频道, Name: 贵州卫视, Total: 259, Valid: 29, Valid Percent: 11.20%, IPv4: 191, IPv6: 68, Min Delay: 141 ms, Max Speed: 6.91 M/s, Avg Speed: 1.00 M/s, Max Resolution: 1920x1080
Category: 📡卫视频道, Name: 海南卫视, Total: 180, Valid: 31, Valid Percent: 17.22%, IPv4: 112, IPv6: 68, Min Delay: 136 ms, Max Speed: 9.50 M/s, Avg Speed: 0.98 M/s, Max Resolution: 1920x1080
Category: 📡卫视频道, Name: 河北卫视, Total: 243, Valid: 35, Valid Percent: 14.40%, IPv4: 164, IPv6: 79, Min Delay: 134 ms, Max Speed: 0.48 M/s, Avg Speed: 0.31 M/s, Max Resolution: 1920x1080
Category: 📡卫视频道, Name: 河南卫视, Total: 261, Valid: 34, Valid Percent: 13.03%, IPv4: 196, IPv6: 65, Min Delay: 140 ms, Max Speed: 11.11 M/s, Avg Speed: 1.13 M/s, Max Resolution: 1920x1080
Category: 📡卫视频道, Name: 吉林卫视, Total: 222, Valid: 30, Valid Percent: 13.51%, IPv4: 158, IPv6: 64, Min Delay: 110 ms, Max Speed: 11.52 M/s, Avg Speed: 0.98 M/s, Max Resolution: 1920x1080
Category: 📡卫视频道, Name: 江苏卫视, Total: 323, Valid: 41, Valid Percent: 12.69%, IPv4: 235, IPv6: 88, Min Delay: 112 ms, Max Speed: 10.90 M/s, Avg Speed: 1.22 M/s, Max Resolution: 1920x1080
Category: 📡卫视频道, Name: 江西卫视, Total: 278, Valid: 40, Valid Percent: 14.39%, IPv4: 194, IPv6: 84, Min Delay: 121 ms, Max Speed: 9.75 M/s, Avg Speed: 1.18 M/s, Max Resolution: 1920x1080
Category: 📡卫视频道, Name: 辽宁卫视, Total: 291, Valid: 39, Valid Percent: 13.40%, IPv4: 210, IPv6: 81, Min Delay: 144 ms, Max Speed: 10.63 M/s, Avg Speed: 0.85 M/s, Max Resolution: 1920x1080
Category: 📡卫视频道, Name: 内蒙古卫视, Total: 128, Valid: 43, Valid Percent: 33.59%, IPv4: 76, IPv6: 52, Min Delay: 139 ms, Max Speed: 10.86 M/s, Avg Speed: 0.74 M/s, Max Resolution: 1920x1080
Category: 📡卫视频道, Name: 宁夏卫视, Total: 169, Valid: 44, Valid Percent: 26.04%, IPv4: 104, IPv6: 65, Min Delay: 76 ms, Max Speed: 15.83 M/s, Avg Speed: 1.37 M/s, Max Resolution: 1920x1080
Category: 📡卫视频道, Name: 青海卫视, Total: 201, Valid: 46, Valid Percent: 22.89%, IPv4: 128, IPv6: 73, Min Delay: 76 ms, Max Speed: 9.14 M/s, Avg Speed: 1.54 M/s, Max Resolution: 1920x1080
Category: 📡卫视频道, Name: 山东卫视, Total: 267, Valid: 34, Valid Percent: 12.73%, IPv4: 192, IPv6: 75, Min Delay: 139 ms, Max Speed: 10.25 M/s, Avg Speed: 0.79 M/s, Max Resolution: 1920x1080
Category: 📡卫视频道, Name: 山西卫视, Total: 34, Valid: 12, Valid Percent: 35.29%, IPv4: 31, IPv6: 3, Min Delay: 144 ms, Max Speed: 6.80 M/s, Avg Speed: 0.75 M/s, Max Resolution: 1920x1080
Category: 📡卫视频道, Name: 陕西卫视, Total: 41, Valid: 13, Valid Percent: 31.71%, IPv4: 39, IPv6: 2, Min Delay: 138 ms, Max Speed: 6.87 M/s, Avg Speed: 0.97 M/s, Max Resolution: 1920x1080
Category: 📡卫视频道, Name: 四川卫视, Total: 263, Valid: 38, Valid Percent: 14.45%, IPv4: 196, IPv6: 67, Min Delay: 140 ms, Max Speed: 7.14 M/s, Avg Speed: 0.90 M/s, Max Resolution: 1920x1080
Category: 📡卫视频道, Name: 深圳卫视, Total: 253, Valid: 33, Valid Percent: 13.04%, IPv4: 201, IPv6: 52, Min Delay: 149 ms, Max Speed: 11.57 M/s, Avg Speed: 1.10 M/s, Max Resolution: 1920x1080
Category: 📡卫视频道, Name: 三沙卫视, Total: 64, Valid: 8, Valid Percent: 12.50%, IPv4: 39, IPv6: 25, Min Delay: 150 ms, Max Speed: 8.57 M/s, Avg Speed: 2.23 M/s, Max Resolution: 1920x1080
Category: 📡卫视频道, Name: 天津卫视, Total: 287, Valid: 30, Valid Percent: 10.45%, IPv4: 208, IPv6: 79, Min Delay: 77 ms, Max Speed: 15.83 M/s, Avg Speed: 1.44 M/s, Max Resolution: 1920x1080
Category: 📡卫视频道, Name: 西藏卫视, Total: 124, Valid: 40, Valid Percent: 32.26%, IPv4: 70, IPv6: 54, Min Delay: 63 ms, Max Speed: 6.34 M/s, Avg Speed: 0.49 M/s, Max Resolution: 1920x1080
Category: 📡卫视频道, Name: 新疆卫视, Total: 158, Valid: 48, Valid Percent: 30.38%, IPv4: 88, IPv6: 70, Min Delay: 76 ms, Max Speed: 10.27 M/s, Avg Speed: 0.96 M/s, Max Resolution: 1920x1080
Category: 📡卫视频道, Name: 云南卫视, Total: 198, Valid: 46, Valid Percent: 23.23%, IPv4: 140, IPv6: 58, Min Delay: 77 ms, Max Speed: 10.45 M/s, Avg Speed: 1.23 M/s, Max Resolution: 1920x1080
Category: ☘️广东频道, Name: 广东珠江, Total: 85, Valid: 23, Valid Percent: 27.06%, IPv4: 32, IPv6: 53, Min Delay: 178 ms, Max Speed: 44.90 M/s, Avg Speed: 3.04 M/s, Max Resolution: 1920x1080
Category: ☘️广东频道, Name: 广东体育, Total: 85, Valid: 21, Valid Percent: 24.71%, IPv4: 34, IPv6: 51, Min Delay: 76 ms, Max Speed: 45.01 M/s, Avg Speed: 6.29 M/s, Max Resolution: 1920x1080
Category: ☘️广东频道, Name: 广东新闻, Total: 13, Valid: 4, Valid Percent: 30.77%, IPv4: 3, IPv6: 10, Min Delay: 284 ms, Max Speed: 0.65 M/s, Avg Speed: 0.32 M/s, Max Resolution: 1920x1080
Category: ☘️广东频道, Name: 广东民生, Total: 46, Valid: 7, Valid Percent: 15.22%, IPv4: 15, IPv6: 31, Min Delay: 287 ms, Max Speed: 0.74 M/s, Avg Speed: 0.22 M/s, Max Resolution: 1920x1080
Category: ☘️广东频道, Name: 广州综合, Total: 6, Valid: 2, Valid Percent: 33.33%, IPv4: 0, IPv6: 6, Min Delay: 289 ms, Max Speed: 0.28 M/s, Avg Speed: 0.28 M/s, Max Resolution: 1280x720
Category: ☘️广东频道, Name: 大湾区卫视, Total: 47, Valid: 7, Valid Percent: 14.89%, IPv4: 35, IPv6: 12, Min Delay: 112 ms, Max Speed: 3.65 M/s, Avg Speed: 1.64 M/s, Max Resolution: 1920x1080
Category: ☘️广东频道, Name: 广州竞赛, Total: 10, Valid: 1, Valid Percent: 10.00%, IPv4: 1, IPv6: 9, Min Delay: 284 ms, Max Speed: 10.97 M/s, Avg Speed: 10.97 M/s, Max Resolution: 1280x720
Category: ☘️广东频道, Name: 江门综合, Total: 8, Valid: 0, Valid Percent: 0.00%, IPv4: 0, IPv6: 8, Min Delay: 288 ms, Max Speed: 0.00 M/s, Avg Speed: 0.00 M/s, Max Resolution: None
Category: ☘️广东频道, Name: 佛山综合, Total: 7, Valid: 0, Valid Percent: 0.00%, IPv4: 0, IPv6: 7, Min Delay: 285 ms, Max Speed: 0.00 M/s, Avg Speed: 0.00 M/s, Max Resolution: None
Category: ☘️广东频道, Name: 广州影视, Total: 8, Valid: 0, Valid Percent: 0.00%, IPv4: 1, IPv6: 7, Min Delay: 283 ms, Max Speed: 0.00 M/s, Avg Speed: 0.00 M/s, Max Resolution: None
Category: ☘️广东频道, Name: 汕头综合, Total: 9, Valid: 0, Valid Percent: 0.00%, IPv4: 0, IPv6: 9, Min Delay: 287 ms, Max Speed: 0.00 M/s, Avg Speed: 0.00 M/s, Max Resolution: None
Category: ☘️广东频道, Name: 汕头经济, Total: 6, Valid: 0, Valid Percent: 0.00%, IPv4: 0, IPv6: 6, Min Delay: 7164 ms, Max Speed: 0.00 M/s, Avg Speed: 0.00 M/s, Max Resolution: None
Category: ☘️浙江频道, Name: 浙江钱江都市, Total: 5, Valid: 5, Valid Percent: 100.00%, IPv4: 2, IPv6: 3, Min Delay: 549 ms, Max Speed: 2.38 M/s, Avg Speed: 0.97 M/s, Max Resolution: 1920x1080
Category: ☘️浙江频道, Name: 浙江生活, Total: 4, Valid: 1, Valid Percent: 25.00%, IPv4: 1, IPv6: 3, Min Delay: 284 ms, Max Speed: 0.56 M/s, Avg Speed: 0.56 M/s, Max Resolution: 1920x1080
Category: ☘️浙江频道, Name: 浙江经济生活, Total: 7, Valid: 7, Valid Percent: 100.00%, IPv4: 3, IPv6: 4, Min Delay: 98 ms, Max Speed: 21.17 M/s, Avg Speed: 3.34 M/s, Max Resolution: 1920x1080
Category: ☘️浙江频道, Name: 浙江教育, Total: 3, Valid: 3, Valid Percent: 100.00%, IPv4: 3, IPv6: 0, Min Delay: 1102 ms, Max Speed: 0.25 M/s, Avg Speed: 0.20 M/s, Max Resolution: 1920x1080
Category: ☘️浙江频道, Name: 浙江民生, Total: 8, Valid: 8, Valid Percent: 100.00%, IPv4: 5, IPv6: 3, Min Delay: 1005 ms, Max Speed: 0.42 M/s, Avg Speed: 0.20 M/s, Max Resolution: 1920x1080
Category: ☘️浙江频道, Name: 浙江钱江, Total: 8, Valid: 5, Valid Percent: 62.50%, IPv4: 4, IPv6: 4, Min Delay: 289 ms, Max Speed: 0.47 M/s, Avg Speed: 0.22 M/s, Max Resolution: 1920x1080
Category: ☘️浙江频道, Name: 浙江新闻, Total: 13, Valid: 10, Valid Percent: 76.92%, IPv4: 6, IPv6: 7, Min Delay: 88 ms, Max Speed: 24.40 M/s, Avg Speed: 2.68 M/s, Max Resolution: 1920x1080
Category: ☘️浙江频道, Name: 浙江少儿, Total: 9, Valid: 4, Valid Percent: 44.44%, IPv4: 5, IPv6: 4, Min Delay: 288 ms, Max Speed: 0.24 M/s, Avg Speed: 0.18 M/s, Max Resolution: 1920x1080
Category: ☘️浙江频道, Name: 杭州明珠, Total: 2, Valid: 0, Valid Percent: 0.00%, IPv4: 0, IPv6: 2, Min Delay: 288 ms, Max Speed: 0.00 M/s, Avg Speed: 0.00 M/s, Max Resolution: None
Category: ☘️浙江频道, Name: 杭州综合, Total: 4, Valid: 0, Valid Percent: 0.00%, IPv4: 2, IPv6: 2, Min Delay: 356 ms, Max Speed: 0.00 M/s, Avg Speed: 0.00 M/s, Max Resolution: None
Category: ☘️浙江频道, Name: 杭州西湖明珠, Total: 2, Valid: 0, Valid Percent: 0.00%, IPv4: 2, IPv6: 0, Min Delay: -1 ms, Max Speed: 0.00 M/s, Avg Speed: 0.00 M/s, Max Resolution: None
Category: ☘️浙江频道, Name: 杭州生活, Total: 5, Valid: 0, Valid Percent: 0.00%, IPv4: 2, IPv6: 3, Min Delay: 293 ms, Max Speed: 0.00 M/s, Avg Speed: 0.00 M/s, Max Resolution: None
Category: ☘️浙江频道, Name: 杭州影视, Total: 3, Valid: 0, Valid Percent: 0.00%, IPv4: 2, IPv6: 1, Min Delay: 290 ms, Max Speed: 0.00 M/s, Avg Speed: 0.00 M/s, Max Resolution: None
Category: ☘️浙江频道, Name: 杭州青少, Total: 2, Valid: 0, Valid Percent: 0.00%, IPv4: 2, IPv6: 0, Min Delay: -1 ms, Max Speed: 0.00 M/s, Avg Speed: 0.00 M/s, Max Resolution: None
Category: ☘️浙江频道, Name: 杭州导视, Total: 2, Valid: 0, Valid Percent: 0.00%, IPv4: 2, IPv6: 0, Min Delay: -1 ms, Max Speed: 0.00 M/s, Avg Speed: 0.00 M/s, Max Resolution: None
Category: ☘️浙江频道, Name: NBTV-1, Total: 2, Valid: 0, Valid Percent: 0.00%, IPv4: 2, IPv6: 0, Min Delay: -1 ms, Max Speed: 0.00 M/s, Avg Speed: 0.00 M/s, Max Resolution: None
Category: ☘️浙江频道, Name: NBTV-2, Total: 2, Valid: 0, Valid Percent: 0.00%, IPv4: 2, IPv6: 0, Min Delay: -1 ms, Max Speed: 0.00 M/s, Avg Speed: 0.00 M/s, Max Resolution: None
Category: ☘️浙江频道, Name: NBTV-3, Total: 2, Valid: 0, Valid Percent: 0.00%, IPv4: 2, IPv6: 0, Min Delay: -1 ms, Max Speed: 0.00 M/s, Avg Speed: 0.00 M/s, Max Resolution: None
Category: ☘️浙江频道, Name: NBTV-4, Total: 2, Valid: 0, Valid Percent: 0.00%, IPv4: 2, IPv6: 0, Min Delay: -1 ms, Max Speed: 0.00 M/s, Avg Speed: 0.00 M/s, Max Resolution: None
Category: ☘️浙江频道, Name: 之江纪录, Total: 4, Valid: 4, Valid Percent: 100.00%, IPv4: 4, IPv6: 0, Min Delay: 1003 ms, Max Speed: 1.04 M/s, Avg Speed: 0.42 M/s, Max Resolution: 1920x1080
Category: ☘️浙江频道, Name: 浙江国际, Total: 12, Valid: 7, Valid Percent: 58.33%, IPv4: 7, IPv6: 5, Min Delay: 285 ms, Max Speed: 0.70 M/s, Avg Speed: 0.27 M/s, Max Resolution: 1920x1080
Category: ☘️浙江频道, Name: 嘉兴新闻综合, Total: 2, Valid: 2, Valid Percent: 100.00%, IPv4: 1, IPv6: 1, Min Delay: 1455 ms, Max Speed: 0.22 M/s, Avg Speed: 0.17 M/s, Max Resolution: 1920x1080
Category: ☘️浙江频道, Name: 湖州公共, Total: 7, Valid: 6, Valid Percent: 85.71%, IPv4: 0, IPv6: 7, Min Delay: 289 ms, Max Speed: 0.17 M/s, Avg Speed: 0.15 M/s, Max Resolution: 1280x720
Category: ☘️浙江频道, Name: 浙江经视, Total: 1, Valid: 1, Valid Percent: 100.00%, IPv4: 1, IPv6: 0, Min Delay: 1127 ms, Max Speed: 0.15 M/s, Avg Speed: 0.15 M/s, Max Resolution: 1280x720
Category: ☘️浙江频道, Name: 湖州新闻综合, Total: 3, Valid: 3, Valid Percent: 100.00%, IPv4: 3, IPv6: 0, Min Delay: 930 ms, Max Speed: 0.16 M/s, Avg Speed: 0.15 M/s, Max Resolution: 1280x720
Category: ☘️浙江频道, Name: 湖州文化娱乐, Total: 3, Valid: 3, Valid Percent: 100.00%, IPv4: 3, IPv6: 0, Min Delay: 1029 ms, Max Speed: 0.19 M/s, Avg Speed: 0.17 M/s, Max Resolution: 1280x720
Category: ☘️浙江频道, Name: 浙江经济, Total: 4, Valid: 3, Valid Percent: 75.00%, IPv4: 4, IPv6: 0, Min Delay: 1119 ms, Max Speed: 0.35 M/s, Avg Speed: 0.20 M/s, Max Resolution: 1920x1080
Category: ☘️浙江频道, Name: 浙江教科影院, Total: 1, Valid: 1, Valid Percent: 100.00%, IPv4: 1, IPv6: 0, Min Delay: 1069 ms, Max Speed: 0.13 M/s, Avg Speed: 0.13 M/s, Max Resolution: 1920x1080
Category: ☘️浙江频道, Name: 浙江民生休闲, Total: 8, Valid: 5, Valid Percent: 62.50%, IPv4: 3, IPv6: 5, Min Delay: 293 ms, Max Speed: 0.75 M/s, Avg Speed: 0.35 M/s, Max Resolution: 1920x1080
Category: ☘️浙江频道, Name: 浙江数码时代, Total: 2, Valid: 2, Valid Percent: 100.00%, IPv4: 2, IPv6: 0, Min Delay: 1683 ms, Max Speed: 0.31 M/s, Avg Speed: 0.23 M/s, Max Resolution: 1920x1080
Category: ☘️浙江频道, Name: 浙江教科影视, Total: 4, Valid: 4, Valid Percent: 100.00%, IPv4: 4, IPv6: 0, Min Delay: 1135 ms, Max Speed: 0.85 M/s, Avg Speed: 0.37 M/s, Max Resolution: 1920x1080
Category: ☘️浙江频道, Name: 浙江留学, Total: 1, Valid: 1, Valid Percent: 100.00%, IPv4: 1, IPv6: 0, Min Delay: 10745 ms, Max Speed: 0.02 M/s, Avg Speed: 0.02 M/s, Max Resolution: 640x360
Category: ☘️浙江频道, Name: 龙游生活娱乐, Total: 2, Valid: 2, Valid Percent: 100.00%, IPv4: 0, IPv6: 2, Min Delay: 1070 ms, Max Speed: 0.18 M/s, Avg Speed: 0.17 M/s, Max Resolution: 1280x720
Category: ☘️浙江频道, Name: 浙江公共新闻, Total: 6, Valid: 5, Valid Percent: 83.33%, IPv4: 2, IPv6: 4, Min Delay: 288 ms, Max Speed: 0.39 M/s, Avg Speed: 0.25 M/s, Max Resolution: 1920x1080
Category: ☘️浙江频道, Name: 诸暨新闻综合, Total: 2, Valid: 2, Valid Percent: 100.00%, IPv4: 0, IPv6: 2, Min Delay: 1093 ms, Max Speed: 0.27 M/s, Avg Speed: 0.24 M/s, Max Resolution: 1920x1080
Category: ☘️浙江频道, Name: 龙泉新闻综合, Total: 1, Valid: 1, Valid Percent: 100.00%, IPv4: 0, IPv6: 1, Min Delay: 1069 ms, Max Speed: 0.22 M/s, Avg Speed: 0.22 M/s, Max Resolution: 1920x1080
Category: ☘️浙江频道, Name: 青田电视台, Total: 1, Valid: 1, Valid Percent: 100.00%, IPv4: 0, IPv6: 1, Min Delay: 1013 ms, Max Speed: 0.19 M/s, Avg Speed: 0.19 M/s, Max Resolution: 1920x1080
Category: ☘️浙江频道, Name: 龙游新闻综合, Total: 2, Valid: 2, Valid Percent: 100.00%, IPv4: 0, IPv6: 2, Min Delay: 1041 ms, Max Speed: 0.29 M/s, Avg Speed: 0.26 M/s, Max Resolution: 1280x720
Category: ☘️浙江频道, Name: 遂昌综合, Total: 1, Valid: 1, Valid Percent: 100.00%, IPv4: 0, IPv6: 1, Min Delay: 1035 ms, Max Speed: 0.28 M/s, Avg Speed: 0.28 M/s, Max Resolution: 1920x1080
Category: ☘️浙江频道, Name: 遂昌新闻综合, Total: 1, Valid: 1, Valid Percent: 100.00%, IPv4: 0, IPv6: 1, Min Delay: 1002 ms, Max Speed: 0.22 M/s, Avg Speed: 0.22 M/s, Max Resolution: 1920x1080
Category: ☘️浙江频道, Name: 象山综合, Total: 3, Valid: 3, Valid Percent: 100.00%, IPv4: 1, IPv6: 2, Min Delay: 1006 ms, Max Speed: 0.24 M/s, Avg Speed: 0.23 M/s, Max Resolution: 1920x1080
Category: ☘️浙江频道, Name: 萧山生活, Total: 3, Valid: 3, Valid Percent: 100.00%, IPv4: 0, IPv6: 3, Min Delay: 1002 ms, Max Speed: 0.28 M/s, Avg Speed: 0.25 M/s, Max Resolution: 1280x720
Category: ☘️浙江频道, Name: 鄞州二套, Total: 1, Valid: 0, Valid Percent: 0.00%, IPv4: 1, IPv6: 0, Min Delay: -1 ms, Max Speed: 0.00 M/s, Avg Speed: 0.00 M/s, Max Resolution: None
Category: ☘️浙江频道, Name: 鄞州一套, Total: 1, Valid: 0, Valid Percent: 0.00%, IPv4: 1, IPv6: 0, Min Delay: -1 ms, Max Speed: 0.00 M/s, Avg Speed: 0.00 M/s, Max Resolution: None
Category: ☘️浙江频道, Name: 衢江新闻综合, Total: 6, Valid: 2, Valid Percent: 33.33%, IPv4: 0, IPv6: 6, Min Delay: 288 ms, Max Speed: 0.26 M/s, Avg Speed: 0.21 M/s, Max Resolution: 1920x1080
Category: ☘️浙江频道, Name: 萧山新闻综合, Total: 10, Valid: 4, Valid Percent: 40.00%, IPv4: 0, IPv6: 10, Min Delay: 285 ms, Max Speed: 0.24 M/s, Avg Speed: 0.22 M/s, Max Resolution: 1280x720
Category: ☘️浙江频道, Name: 缙云综合, Total: 1, Valid: 1, Valid Percent: 100.00%, IPv4: 0, IPv6: 1, Min Delay: 1037 ms, Max Speed: 0.22 M/s, Avg Speed: 0.22 M/s, Max Resolution: 1280x720
Category: ☘️浙江频道, Name: 苍南新闻综合, Total: 9, Valid: 6, Valid Percent: 66.67%, IPv4: 0, IPv6: 9, Min Delay: 290 ms, Max Speed: 0.26 M/s, Avg Speed: 0.24 M/s, Max Resolution: 1920x1080
Category: ☘️浙江频道, Name: 绍兴电视台公共, Total: 1, Valid: 1, Valid Percent: 100.00%, IPv4: 1, IPv6: 0, Min Delay: 3760 ms, Max Speed: 0.21 M/s, Avg Speed: 0.21 M/s, Max Resolution: 1280x720
Category: ☘️浙江频道, Name: 绍兴新闻综合, Total: 7, Valid: 7, Valid Percent: 100.00%, IPv4: 1, IPv6: 6, Min Delay: 3416 ms, Max Speed: 0.22 M/s, Avg Speed: 0.21 M/s, Max Resolution: 1280x720
Category: ☘️浙江频道, Name: 绍兴文化影院, Total: 6, Valid: 3, Valid Percent: 50.00%, IPv4: 1, IPv6: 5, Min Delay: 285 ms, Max Speed: 0.21 M/s, Avg Speed: 0.21 M/s, Max Resolution: 1280x720
Category: ☘️浙江频道, Name: 绍兴文化影视, Total: 3, Valid: 3, Valid Percent: 100.00%, IPv4: 1, IPv6: 2, Min Delay: 3428 ms, Max Speed: 0.22 M/s, Avg Speed: 0.22 M/s, Max Resolution: 1280x720
Category: ☘️浙江频道, Name: 湖州公共民生, Total: 1, Valid: 1, Valid Percent: 100.00%, IPv4: 1, IPv6: 0, Min Delay: 918 ms, Max Speed: 0.16 M/s, Avg Speed: 0.16 M/s, Max Resolution: 1280x720
Category: ☘️浙江频道, Name: 绍兴公共, Total: 9, Valid: 5, Valid Percent: 55.56%, IPv4: 2, IPv6: 7, Min Delay: 285 ms, Max Speed: 0.22 M/s, Avg Speed: 0.21 M/s, Max Resolution: 1280x720
Category: ☘️浙江频道, Name: 洞头综合, Total: 2, Valid: 2, Valid Percent: 100.00%, IPv4: 0, IPv6: 2, Min Delay: 1004 ms, Max Speed: 0.22 M/s, Avg Speed: 0.21 M/s, Max Resolution: 720x540
Category: ☘️浙江频道, Name: 海宁新闻综合, Total: 3, Valid: 3, Valid Percent: 100.00%, IPv4: 3, IPv6: 0, Min Delay: 820 ms, Max Speed: 0.57 M/s, Avg Speed: 0.39 M/s, Max Resolution: 1280x720
Category: ☘️浙江频道, Name: 永嘉新闻综合, Total: 7, Valid: 4, Valid Percent: 57.14%, IPv4: 0, IPv6: 7, Min Delay: 290 ms, Max Speed: 0.25 M/s, Avg Speed: 0.22 M/s, Max Resolution: 1920x1080
Category: ☘️浙江频道, Name: 松阳综合, Total: 1, Valid: 1, Valid Percent: 100.00%, IPv4: 0, IPv6: 1, Min Delay: 1077 ms, Max Speed: 0.20 M/s, Avg Speed: 0.20 M/s, Max Resolution: 1920x1080
Category: ☘️浙江频道, Name: 新昌生活, Total: 1, Valid: 1, Valid Percent: 100.00%, IPv4: 0, IPv6: 1, Min Delay: 1013 ms, Max Speed: 0.21 M/s, Avg Speed: 0.21 M/s, Max Resolution: 1920x1080
Category: ☘️浙江频道, Name: 武义新闻综合, Total: 3, Valid: 2, Valid Percent: 66.67%, IPv4: 0, IPv6: 3, Min Delay: 293 ms, Max Speed: 0.32 M/s, Avg Speed: 0.27 M/s, Max Resolution: 720x576
Category: ☘️浙江频道, Name: 松阳新闻综合, Total: 2, Valid: 2, Valid Percent: 100.00%, IPv4: 0, IPv6: 2, Min Delay: 1013 ms, Max Speed: 0.24 M/s, Avg Speed: 0.22 M/s, Max Resolution: 1920x1080
Category: ☘️浙江频道, Name: 文成新闻综合, Total: 1, Valid: 1, Valid Percent: 100.00%, IPv4: 0, IPv6: 1, Min Delay: 1019 ms, Max Speed: 0.25 M/s, Avg Speed: 0.25 M/s, Max Resolution: 1280x720
Category: ☘️浙江频道, Name: 文成综合, Total: 2, Valid: 2, Valid Percent: 100.00%, IPv4: 0, IPv6: 2, Min Delay: 1023 ms, Max Speed: 0.22 M/s, Avg Speed: 0.21 M/s, Max Resolution: 1280x720
Category: ☘️浙江频道, Name: 新昌新闻综合, Total: 4, Valid: 2, Valid Percent: 50.00%, IPv4: 0, IPv6: 4, Min Delay: 288 ms, Max Speed: 0.35 M/s, Avg Speed: 0.33 M/s, Max Resolution: 1920x1080
Category: ☘️浙江频道, Name: 数码时代, Total: 1, Valid: 1, Valid Percent: 100.00%, IPv4: 1, IPv6: 0, Min Delay: 1126 ms, Max Speed: 0.14 M/s, Avg Speed: 0.14 M/s, Max Resolution: 1280x720
Category: ☘️浙江频道, Name: 开化国家公园, Total: 3, Valid: 3, Valid Percent: 100.00%, IPv4: 0, IPv6: 3, Min Delay: 1006 ms, Max Speed: 0.24 M/s, Avg Speed: 0.23 M/s, Max Resolution: 1280x720
Category: ☘️浙江频道, Name: 庆元综合, Total: 1, Valid: 1, Valid Percent: 100.00%, IPv4: 0, IPv6: 1, Min Delay: 1005 ms, Max Speed: 0.20 M/s, Avg Speed: 0.20 M/s, Max Resolution: 1920x1080
Category: ☘️浙江频道, Name: 庆元新闻综合, Total: 2, Valid: 2, Valid Percent: 100.00%, IPv4: 0, IPv6: 2, Min Delay: 1001 ms, Max Speed: 0.25 M/s, Avg Speed: 0.23 M/s, Max Resolution: 1920x1080
Category: ☘️浙江频道, Name: 开化新闻综合, Total: 3, Valid: 1, Valid Percent: 33.33%, IPv4: 0, IPv6: 3, Min Delay: 285 ms, Max Speed: 0.20 M/s, Avg Speed: 0.20 M/s, Max Resolution: 1280x720
Category: ☘️浙江频道, Name: 平湖民生休闲, Total: 2, Valid: 2, Valid Percent: 100.00%, IPv4: 0, IPv6: 2, Min Delay: 1014 ms, Max Speed: 0.26 M/s, Avg Speed: 0.22 M/s, Max Resolution: 1280x720
Category: ☘️浙江频道, Name: 嵊泗新闻综合, Total: 1, Valid: 1, Valid Percent: 100.00%, IPv4: 0, IPv6: 1, Min Delay: 1018 ms, Max Speed: 0.21 M/s, Avg Speed: 0.21 M/s, Max Resolution: 720x576
Category: ☘️浙江频道, Name: 平湖新闻综合, Total: 10, Valid: 8, Valid Percent: 80.00%, IPv4: 1, IPv6: 9, Min Delay: 204 ms, Max Speed: 0.80 M/s, Avg Speed: 0.25 M/s, Max Resolution: 1280x720
Category: ☘️浙江频道, Name: 嵊泗综合, Total: 1, Valid: 0, Valid Percent: 0.00%, IPv4: 0, IPv6: 1, Min Delay: 289 ms, Max Speed: 0.00 M/s, Avg Speed: 0.00 M/s, Max Resolution: None
Category: ☘️浙江频道, Name: 嵊州新闻综合, Total: 3, Valid: 2, Valid Percent: 66.67%, IPv4: 0, IPv6: 3, Min Delay: 292 ms, Max Speed: 0.20 M/s, Avg Speed: 0.19 M/s, Max Resolution: 1280x720
Category: ☘️浙江频道, Name: 余杭综合, Total: 2, Valid: 2, Valid Percent: 100.00%, IPv4: 0, IPv6: 2, Min Delay: 1002 ms, Max Speed: 0.20 M/s, Avg Speed: 0.20 M/s, Max Resolution: 1920x1080
Category: ☘️浙江频道, Name: 余杭未来E, Total: 2, Valid: 2, Valid Percent: 100.00%, IPv4: 0, IPv6: 2, Min Delay: 1010 ms, Max Speed: 0.24 M/s, Avg Speed: 0.23 M/s, Max Resolution: 1920x1080
Category: ☘️浙江频道, Name: 兰溪新闻综合, Total: 6, Valid: 5, Valid Percent: 83.33%, IPv4: 0, IPv6: 6, Min Delay: 288 ms, Max Speed: 0.23 M/s, Avg Speed: 0.21 M/s, Max Resolution: 1280x720
Category: ☘️浙江频道, Name: 余姚综合, Total: 3, Valid: 3, Valid Percent: 100.00%, IPv4: 0, IPv6: 3, Min Delay: 1006 ms, Max Speed: 0.30 M/s, Avg Speed: 0.26 M/s, Max Resolution: 1920x1080
Category: ☘️浙江频道, Name: 余姚新闻综合, Total: 2, Valid: 2, Valid Percent: 100.00%, IPv4: 0, IPv6: 2, Min Delay: 1005 ms, Max Speed: 0.20 M/s, Avg Speed: 0.20 M/s, Max Resolution: 1920x1080
Category: ☘️浙江频道, Name: 云和新闻综合, Total: 2, Valid: 2, Valid Percent: 100.00%, IPv4: 0, IPv6: 2, Min Delay: 1005 ms, Max Speed: 0.28 M/s, Avg Speed: 0.25 M/s, Max Resolution: 1280x720
Category: ☘️浙江频道, Name: 余姚姚江文化, Total: 3, Valid: 3, Valid Percent: 100.00%, IPv4: 0, IPv6: 3, Min Delay: 1053 ms, Max Speed: 0.30 M/s, Avg Speed: 0.27 M/s, Max Resolution: 1920x1080
Category: ☘️浙江频道, Name: 上虞新闻综合, Total: 1, Valid: 1, Valid Percent: 100.00%, IPv4: 0, IPv6: 1, Min Delay: 1022 ms, Max Speed: 0.22 M/s, Avg Speed: 0.22 M/s, Max Resolution: 1920x1080
Category: ☘️浙江频道, Name: 东阳影视生活, Total: 1, Valid: 1, Valid Percent: 100.00%, IPv4: 0, IPv6: 1, Min Delay: 1002 ms, Max Speed: 0.22 M/s, Avg Speed: 0.22 M/s, Max Resolution: 1280x720
Category: ☘️浙江频道, Name: 中国蓝新闻, Total: 3, Valid: 3, Valid Percent: 100.00%, IPv4: 3, IPv6: 0, Min Delay: 1288 ms, Max Speed: 0.21 M/s, Avg Speed: 0.18 M/s, Max Resolution: 1920x1080
Category: ☘️浙江频道, Name: 上虞新商都, Total: 10, Valid: 8, Valid Percent: 80.00%, IPv4: 0, IPv6: 10, Min Delay: 285 ms, Max Speed: 0.24 M/s, Avg Speed: 0.21 M/s, Max Resolution: 1920x1080
Category: ☘️浙江频道, Name: 上虞文化影视, Total: 1, Valid: 1, Valid Percent: 100.00%, IPv4: 0, IPv6: 1, Min Delay: 1032 ms, Max Speed: 0.24 M/s, Avg Speed: 0.24 M/s, Max Resolution: 1920x1080
Category: ☘️浙江频道, Name: 上虞文化影院, Total: 6, Valid: 2, Valid Percent: 33.33%, IPv4: 0, IPv6: 6, Min Delay: 313 ms, Max Speed: 0.20 M/s, Avg Speed: 0.19 M/s, Max Resolution: 1920x1080
Category: ☘️北京频道, Name: 北京财经, Total: 1, Valid: 1, Valid Percent: 100.00%, IPv4: 0, IPv6: 1, Min Delay: 301 ms, Max Speed: 0.00 M/s, Avg Speed: 0.00 M/s, Max Resolution: None
Category: ☘️上海频道, Name: 七彩戏剧, Total: 2, Valid: 0, Valid Percent: 0.00%, IPv4: 2, IPv6: 0, Min Delay: -1 ms, Max Speed: 0.00 M/s, Avg Speed: 0.00 M/s, Max Resolution: None
Category: ☘️上海频道, Name: 上海外语, Total: 2, Valid: 0, Valid Percent: 0.00%, IPv4: 2, IPv6: 0, Min Delay: -1 ms, Max Speed: 0.00 M/s, Avg Speed: 0.00 M/s, Max Resolution: None
Category: ☘️北京频道, Name: 北京科教, Total: 1, Valid: 1, Valid Percent: 100.00%, IPv4: 1, IPv6: 0, Min Delay: 51 ms, Max Speed: 1.40 M/s, Avg Speed: 1.40 M/s, Max Resolution: 19x24
Category: ☘️北京频道, Name: 北京青年, Total: 1, Valid: 1, Valid Percent: 100.00%, IPv4: 1, IPv6: 0, Min Delay: 51 ms, Max Speed: 1.92 M/s, Avg Speed: 1.92 M/s, Max Resolution: 19x24
Category: ☘️北京频道, Name: 北京生活, Total: 2, Valid: 2, Valid Percent: 100.00%, IPv4: 1, IPv6: 1, Min Delay: 145 ms, Max Speed: 0.08 M/s, Avg Speed: 0.04 M/s, Max Resolution: None
Category: ☘️上海频道, Name: 上海新闻综合, Total: 14, Valid: 0, Valid Percent: 0.00%, IPv4: 7, IPv6: 7, Min Delay: 286 ms, Max Speed: 0.00 M/s, Avg Speed: 0.00 M/s, Max Resolution: None
Category: ☘️北京频道, Name: 北京卡酷少儿, Total: 37, Valid: 9, Valid Percent: 24.32%, IPv4: 19, IPv6: 18, Min Delay: 146 ms, Max Speed: 7.80 M/s, Avg Speed: 3.77 M/s, Max Resolution: 1920x1080
Category: ☘️上海频道, Name: 上海第一财经, Total: 11, Valid: 1, Valid Percent: 9.09%, IPv4: 8, IPv6: 3, Min Delay: 187 ms, Max Speed: 0.56 M/s, Avg Speed: 0.56 M/s, Max Resolution: None
Category: ☘️北京频道, Name: 北京新闻, Total: 5, Valid: 4, Valid Percent: 80.00%, IPv4: 2, IPv6: 3, Min Delay: 141 ms, Max Speed: 0.55 M/s, Avg Speed: 0.16 M/s, Max Resolution: 0x0
Category: ☘️上海频道, Name: 东方财经, Total: 3, Valid: 0, Valid Percent: 0.00%, IPv4: 3, IPv6: 0, Min Delay: -1 ms, Max Speed: 0.00 M/s, Avg Speed: 0.00 M/s, Max Resolution: None
Category: ☘️上海频道, Name: 东方影视, Total: 11, Valid: 2, Valid Percent: 18.18%, IPv4: 3, IPv6: 8, Min Delay: 110 ms, Max Speed: 6.72 M/s, Avg Speed: 5.20 M/s, Max Resolution: 1920x1080
Category: ☘️上海频道, Name: 上海教育, Total: 1, Valid: 0, Valid Percent: 0.00%, IPv4: 1, IPv6: 0, Min Delay: -1 ms, Max Speed: 0.00 M/s, Avg Speed: 0.00 M/s, Max Resolution: None
Category: ☘️上海频道, Name: 全纪实, Total: 2, Valid: 1, Valid Percent: 50.00%, IPv4: 2, IPv6: 0, Min Delay: 2441 ms, Max Speed: 0.06 M/s, Avg Speed: 0.06 M/s, Max Resolution: None
Category: ☘️上海频道, Name: 上海纪实, Total: 5, Valid: 0, Valid Percent: 0.00%, IPv4: 0, IPv6: 5, Min Delay: 287 ms, Max Speed: 0.00 M/s, Avg Speed: 0.00 M/s, Max Resolution: None
Category: ☘️上海频道, Name: 上海都市, Total: 10, Valid: 0, Valid Percent: 0.00%, IPv4: 2, IPv6: 8, Min Delay: 284 ms, Max Speed: 0.00 M/s, Avg Speed: 0.00 M/s, Max Resolution: None
Category: ☘️上海频道, Name: 动漫秀场, Total: 60, Valid: 5, Valid Percent: 8.33%, IPv4: 20, IPv6: 40, Min Delay: 210 ms, Max Speed: 10.56 M/s, Avg Speed: 2.41 M/s, Max Resolution: 1920x1080
Category: ☘️上海频道, Name: 崇明电视台, Total: 1, Valid: 0, Valid Percent: 0.00%, IPv4: 1, IPv6: 0, Min Delay: -1 ms, Max Speed: 0.00 M/s, Avg Speed: 0.00 M/s, Max Resolution: None
Category: ☘️上海频道, Name: 哈哈炫动, Total: 49, Valid: 2, Valid Percent: 4.08%, IPv4: 26, IPv6: 23, Min Delay: 284 ms, Max Speed: 4.08 M/s, Avg Speed: 2.11 M/s, Max Resolution: 1920x1080
Category: ☘️上海频道, Name: 新闻综合, Total: 13, Valid: 4, Valid Percent: 30.77%, IPv4: 3, IPv6: 10, Min Delay: 118 ms, Max Speed: 3.61 M/s, Avg Speed: 1.92 M/s, Max Resolution: 1920x1080
Category: ☘️上海频道, Name: 欢笑剧场, Total: 23, Valid: 0, Valid Percent: 0.00%, IPv4: 16, IPv6: 7, Min Delay: -1 ms, Max Speed: 0.00 M/s, Avg Speed: 0.00 M/s, Max Resolution: None
Category: ☘️上海频道, Name: 生活时尚, Total: 13, Valid: 0, Valid Percent: 0.00%, IPv4: 4, IPv6: 9, Min Delay: 285 ms, Max Speed: 0.00 M/s, Avg Speed: 0.00 M/s, Max Resolution: None
Category: ☘️上海频道, Name: 法治天地, Total: 18, Valid: 2, Valid Percent: 11.11%, IPv4: 11, IPv6: 7, Min Delay: 426 ms, Max Speed: 0.37 M/s, Avg Speed: 0.19 M/s, Max Resolution: 1920x1080
Category: ☘️上海频道, Name: 第一财经, Total: 14, Valid: 2, Valid Percent: 14.29%, IPv4: 4, IPv6: 10, Min Delay: 142 ms, Max Speed: 0.70 M/s, Avg Speed: 0.38 M/s, Max Resolution: None
Category: ☘️上海频道, Name: 纪实人文, Total: 12, Valid: 0, Valid Percent: 0.00%, IPv4: 10, IPv6: 2, Min Delay: 290 ms, Max Speed: 0.00 M/s, Avg Speed: 0.00 M/s, Max Resolution: None
Category: ☘️重庆频道, Name: 万源新闻综合, Total: 1, Valid: 0, Valid Percent: 0.00%, IPv4: 1, IPv6: 0, Min Delay: -1 ms, Max Speed: 0.00 M/s, Avg Speed: 0.00 M/s, Max Resolution: None
Category: ☘️重庆频道, Name: 铜梁综合, Total: 2, Valid: 2, Valid Percent: 100.00%, IPv4: 2, IPv6: 0, Min Delay: 1586 ms, Max Speed: 0.13 M/s, Avg Speed: 0.12 M/s, Max Resolution: 720x576
Category: ☘️重庆频道, Name: 万州综合, Total: 2, Valid: 1, Valid Percent: 50.00%, IPv4: 2, IPv6: 0, Min Delay: 1238 ms, Max Speed: 0.07 M/s, Avg Speed: 0.07 M/s, Max Resolution: 720x576
Category: ☘️重庆频道, Name: 重庆新闻, Total: 2, Valid: 1, Valid Percent: 50.00%, IPv4: 2, IPv6: 0, Min Delay: 312 ms, Max Speed: 8.63 M/s, Avg Speed: 8.63 M/s, Max Resolution: 1920x1080
Category: ☘️江苏频道, Name: 东海新闻, Total: 1, Valid: 0, Valid Percent: 0.00%, IPv4: 0, IPv6: 1, Min Delay: -1 ms, Max Speed: 0.00 M/s, Avg Speed: 0.00 M/s, Max Resolution: None
Category: ☘️重庆频道, Name: 万州三峡移民, Total: 2, Valid: 2, Valid Percent: 100.00%, IPv4: 2, IPv6: 0, Min Delay: 1222 ms, Max Speed: 0.07 M/s, Avg Speed: 0.07 M/s, Max Resolution: 720x576
Category: ☘️重庆频道, Name: 璧山综合, Total: 1, Valid: 1, Valid Percent: 100.00%, IPv4: 1, IPv6: 0, Min Delay: 10194 ms, Max Speed: 0.42 M/s, Avg Speed: 0.42 M/s, Max Resolution: 1920x1080
Category: ☘️重庆频道, Name: 江津新闻综合, Total: 2, Valid: 2, Valid Percent: 100.00%, IPv4: 2, IPv6: 0, Min Delay: 2271 ms, Max Speed: 0.28 M/s, Avg Speed: 0.22 M/s, Max Resolution: 1920x1080
Category: ☘️上海频道, Name: 都市剧场, Total: 23, Valid: 1, Valid Percent: 4.35%, IPv4: 16, IPv6: 7, Min Delay: 187 ms, Max Speed: 0.57 M/s, Avg Speed: 0.57 M/s, Max Resolution: None
Category: ☘️重庆频道, Name: 重庆汽摩, Total: 2, Valid: 1, Valid Percent: 50.00%, IPv4: 2, IPv6: 0, Min Delay: 2678 ms, Max Speed: 0.08 M/s, Avg Speed: 0.08 M/s, Max Resolution: None
Category: ☘️重庆频道, Name: 重庆时尚购物, Total: 2, Valid: 0, Valid Percent: 0.00%, IPv4: 2, IPv6: 0, Min Delay: 532 ms, Max Speed: 0.00 M/s, Avg Speed: 0.00 M/s, Max Resolution: None
Category: ☘️江苏频道, Name: 六合新闻综合, Total: 1, Valid: 1, Valid Percent: 100.00%, IPv4: 1, IPv6: 0, Min Delay: 1088 ms, Max Speed: 0.17 M/s, Avg Speed: 0.17 M/s, Max Resolution: 1280x720
Category: ☘️江苏频道, Name: 南京十八, Total: 4, Valid: 0, Valid Percent: 0.00%, IPv4: 1, IPv6: 3, Min Delay: -1 ms, Max Speed: 0.00 M/s, Avg Speed: 0.00 M/s, Max Resolution: None
Category: ☘️江苏频道, Name: 南京教科, Total: 4, Valid: 1, Valid Percent: 25.00%, IPv4: 0, IPv6: 4, Min Delay: 382 ms, Max Speed: 0.66 M/s, Avg Speed: 0.66 M/s, Max Resolution: 1280x720
Category: ☘️江苏频道, Name: 南京少儿, Total: 2, Valid: 1, Valid Percent: 50.00%, IPv4: 1, IPv6: 1, Min Delay: 1190 ms, Max Speed: 0.28 M/s, Avg Speed: 0.28 M/s, Max Resolution: 1280x720
Category: ☘️江苏频道, Name: 南京新闻综合, Total: 4, Valid: 1, Valid Percent: 25.00%, IPv4: 0, IPv6: 4, Min Delay: 364 ms, Max Speed: 0.42 M/s, Avg Speed: 0.42 M/s, Max Resolution: 1280x720
Category: ☘️江苏频道, Name: 南通新闻综合, Total: 11, Valid: 0, Valid Percent: 0.00%, IPv4: 6, IPv6: 5, Min Delay: 367 ms, Max Speed: 0.00 M/s, Avg Speed: 0.00 M/s, Max Resolution: None
Category: ☘️江苏频道, Name: 句容影院, Total: 1, Valid: 1, Valid Percent: 100.00%, IPv4: 1, IPv6: 0, Min Delay: 1045 ms, Max Speed: 0.20 M/s, Avg Speed: 0.20 M/s, Max Resolution: 720x576
Category: ☘️江苏频道, Name: 句容生活, Total: 2, Valid: 2, Valid Percent: 100.00%, IPv4: 2, IPv6: 0, Min Delay: 139 ms, Max Speed: 0.67 M/s, Avg Speed: 0.44 M/s, Max Resolution: 720x576
Category: ☘️江苏频道, Name: 宿迁公共, Total: 1, Valid: 0, Valid Percent: 0.00%, IPv4: 0, IPv6: 1, Min Delay: -1 ms, Max Speed: 0.00 M/s, Avg Speed: 0.00 M/s, Max Resolution: None
Category: ☘️江苏频道, Name: 句容新闻综合, Total: 2, Valid: 2, Valid Percent: 100.00%, IPv4: 2, IPv6: 0, Min Delay: 1045 ms, Max Speed: 0.23 M/s, Avg Speed: 0.22 M/s, Max Resolution: 720x576
Category: ☘️江苏频道, Name: 常州公共, Total: 1, Valid: 0, Valid Percent: 0.00%, IPv4: 0, IPv6: 1, Min Delay: -1 ms, Max Speed: 0.00 M/s, Avg Speed: 0.00 M/s, Max Resolution: None
Category: ☘️江苏频道, Name: 常州生活, Total: 1, Valid: 0, Valid Percent: 0.00%, IPv4: 0, IPv6: 1, Min Delay: -1 ms, Max Speed: 0.00 M/s, Avg Speed: 0.00 M/s, Max Resolution: None
Category: ☘️江苏频道, Name: 常州都市, Total: 1, Valid: 0, Valid Percent: 0.00%, IPv4: 0, IPv6: 1, Min Delay: -1 ms, Max Speed: 0.00 M/s, Avg Speed: 0.00 M/s, Max Resolution: None
Category: ☘️江苏频道, Name: 徐州公共, Total: 1, Valid: 0, Valid Percent: 0.00%, IPv4: 0, IPv6: 1, Min Delay: -1 ms, Max Speed: 0.00 M/s, Avg Speed: 0.00 M/s, Max Resolution: None
Category: ☘️江苏频道, Name: 宜兴紫砂, Total: 1, Valid: 0, Valid Percent: 0.00%, IPv4: 1, IPv6: 0, Min Delay: 1956 ms, Max Speed: 0.00 M/s, Avg Speed: 0.00 M/s, Max Resolution: None
Category: ☘️江苏频道, Name: 句容党建, Total: 2, Valid: 2, Valid Percent: 100.00%, IPv4: 2, IPv6: 0, Min Delay: 1006 ms, Max Speed: 0.21 M/s, Avg Speed: 0.13 M/s, Max Resolution: 720x576
Category: ☘️江苏频道, Name: 常熟民生, Total: 1, Valid: 0, Valid Percent: 0.00%, IPv4: 1, IPv6: 0, Min Delay: 2389 ms, Max Speed: 0.00 M/s, Avg Speed: 0.00 M/s, Max Resolution: None
Category: ☘️江苏频道, Name: 优漫卡通, Total: 39, Valid: 5, Valid Percent: 12.82%, IPv4: 26, IPv6: 13, Min Delay: 130 ms, Max Speed: 3.21 M/s, Avg Speed: 0.91 M/s, Max Resolution: 1920x1080
Category: ☘️江苏频道, Name: 新沂新闻, Total: 1, Valid: 1, Valid Percent: 100.00%, IPv4: 0, IPv6: 1, Min Delay: 710 ms, Max Speed: 0.04 M/s, Avg Speed: 0.04 M/s, Max Resolution: 1280x720
Category: ☘️江苏频道, Name: 新沂生活, Total: 1, Valid: 1, Valid Percent: 100.00%, IPv4: 0, IPv6: 1, Min Delay: 736 ms, Max Speed: 0.03 M/s, Avg Speed: 0.03 M/s, Max Resolution: 1280x720
Category: ☘️江苏频道, Name: 宜兴新闻, Total: 5, Valid: 1, Valid Percent: 20.00%, IPv4: 2, IPv6: 3, Min Delay: 289 ms, Max Speed: 0.11 M/s, Avg Speed: 0.11 M/s, Max Resolution: 1280x720
Category: ☘️江苏频道, Name: 无锡娱乐, Total: 5, Valid: 0, Valid Percent: 0.00%, IPv4: 0, IPv6: 5, Min Delay: -1 ms, Max Speed: 0.00 M/s, Avg Speed: 0.00 M/s, Max Resolution: None
Category: ☘️江苏频道, Name: 无锡新闻综合, Total: 4, Valid: 0, Valid Percent: 0.00%, IPv4: 0, IPv6: 4, Min Delay: -1 ms, Max Speed: 0.00 M/s, Avg Speed: 0.00 M/s, Max Resolution: None
Category: ☘️江苏频道, Name: 无锡生活, Total: 4, Valid: 0, Valid Percent: 0.00%, IPv4: 0, IPv6: 4, Min Delay: -1 ms, Max Speed: 0.00 M/s, Avg Speed: 0.00 M/s, Max Resolution: None
Category: ☘️江苏频道, Name: 无锡经济, Total: 9, Valid: 0, Valid Percent: 0.00%, IPv4: 0, IPv6: 9, Min Delay: -1 ms, Max Speed: 0.00 M/s, Avg Speed: 0.00 M/s, Max Resolution: None
Category: ☘️江苏频道, Name: 无锡都市资讯, Total: 4, Valid: 0, Valid Percent: 0.00%, IPv4: 0, IPv6: 4, Min Delay: -1 ms, Max Speed: 0.00 M/s, Avg Speed: 0.00 M/s, Max Resolution: None
Category: ☘️江苏频道, Name: 江宁新闻, Total: 1, Valid: 1, Valid Percent: 100.00%, IPv4: 0, IPv6: 1, Min Delay: 156 ms, Max Speed: 7.73 M/s, Avg Speed: 7.73 M/s, Max Resolution: 1920x1080
Category: ☘️江苏频道, Name: 武进生活, Total: 2, Valid: 2, Valid Percent: 100.00%, IPv4: 2, IPv6: 0, Min Delay: 2293 ms, Max Speed: 0.14 M/s, Avg Speed: 0.10 M/s, Max Resolution: 1280x720
Category: ☘️江苏频道, Name: 江苏公共, Total: 1, Valid: 0, Valid Percent: 0.00%, IPv4: 0, IPv6: 1, Min Delay: -1 ms, Max Speed: 0.00 M/s, Avg Speed: 0.00 M/s, Max Resolution: None
Category: ☘️江苏频道, Name: 武进新闻, Total: 4, Valid: 3, Valid Percent: 75.00%, IPv4: 4, IPv6: 0, Min Delay: 2280 ms, Max Speed: 0.05 M/s, Avg Speed: 0.05 M/s, Max Resolution: 720x576
Category: ☘️江苏频道, Name: 江苏体育, Total: 20, Valid: 9, Valid Percent: 45.00%, IPv4: 11, IPv6: 9, Min Delay: 146 ms, Max Speed: 7.78 M/s, Avg Speed: 7.61 M/s, Max Resolution: 1920x1080
Category: ☘️江苏频道, Name: 沭阳综合, Total: 1, Valid: 0, Valid Percent: 0.00%, IPv4: 0, IPv6: 1, Min Delay: -1 ms, Max Speed: 0.00 M/s, Avg Speed: 0.00 M/s, Max Resolution: None
Category: ☘️江苏频道, Name: 泗阳资讯, Total: 1, Valid: 1, Valid Percent: 100.00%, IPv4: 1, IPv6: 0, Min Delay: 735 ms, Max Speed: 0.27 M/s, Avg Speed: 0.27 M/s, Max Resolution: 1280x720
Category: ☘️江苏频道, Name: 泗阳综合, Total: 1, Valid: 1, Valid Percent: 100.00%, IPv4: 1, IPv6: 0, Min Delay: 1358 ms, Max Speed: 0.10 M/s, Avg Speed: 0.10 M/s, Max Resolution: 1920x1080
Category: ☘️江苏频道, Name: 泰州一套新闻综合, Total: 1, Valid: 0, Valid Percent: 0.00%, IPv4: 0, IPv6: 1, Min Delay: 297 ms, Max Speed: 0.00 M/s, Avg Speed: 0.00 M/s, Max Resolution: None
Category: ☘️江苏频道, Name: 江苏城市, Total: 16, Valid: 2, Valid Percent: 12.50%, IPv4: 6, IPv6: 10, Min Delay: 289 ms, Max Speed: 0.33 M/s, Avg Speed: 0.22 M/s, Max Resolution: 1280x720
Category: ☘️江苏频道, Name: 江苏影视, Total: 16, Valid: 4, Valid Percent: 25.00%, IPv4: 7, IPv6: 9, Min Delay: 150 ms, Max Speed: 7.72 M/s, Avg Speed: 4.47 M/s, Max Resolution: 1920x1080
Category: ☘️江苏频道, Name: 淮安新闻综合, Total: 10, Valid: 0, Valid Percent: 0.00%, IPv4: 6, IPv6: 4, Min Delay: 486 ms, Max Speed: 0.00 M/s, Avg Speed: 0.00 M/s, Max Resolution: None
Category: ☘️江苏频道, Name: 江苏教育, Total: 24, Valid: 4, Valid Percent: 16.67%, IPv4: 14, IPv6: 10, Min Delay: 143 ms, Max Speed: 7.84 M/s, Avg Speed: 5.96 M/s, Max Resolution: 1920x1080
Category: ☘️江苏频道, Name: 睢宁三农, Total: 1, Valid: 0, Valid Percent: 0.00%, IPv4: 0, IPv6: 1, Min Delay: -1 ms, Max Speed: 0.00 M/s, Avg Speed: 0.00 M/s, Max Resolution: None
Category: ☘️江苏频道, Name: 睢宁资讯, Total: 1, Valid: 0, Valid Percent: 0.00%, IPv4: 0, IPv6: 1, Min Delay: -1 ms, Max Speed: 0.00 M/s, Avg Speed: 0.00 M/s, Max Resolution: None
Category: ☘️江苏频道, Name: 淮阴综合, Total: 1, Valid: 1, Valid Percent: 100.00%, IPv4: 0, IPv6: 1, Min Delay: 2501 ms, Max Speed: 0.21 M/s, Avg Speed: 0.21 M/s, Max Resolution: 1920x1080
Category: ☘️江苏频道, Name: 睢宁综合, Total: 2, Valid: 1, Valid Percent: 50.00%, IPv4: 1, IPv6: 1, Min Delay: 837 ms, Max Speed: 0.27 M/s, Avg Speed: 0.27 M/s, Max Resolution: 1280x720
Category: ☘️江苏频道, Name: 苏州文化生活, Total: 2, Valid: 1, Valid Percent: 50.00%, IPv4: 1, IPv6: 1, Min Delay: 290 ms, Max Speed: 0.36 M/s, Avg Speed: 0.36 M/s, Max Resolution: 1280x720
Category: ☘️江苏频道, Name: 苏州新闻综合, Total: 2, Valid: 1, Valid Percent: 50.00%, IPv4: 1, IPv6: 1, Min Delay: 439 ms, Max Speed: 0.64 M/s, Avg Speed: 0.64 M/s, Max Resolution: 1920x1080
Category: ☘️江苏频道, Name: 连云港公共, Total: 1, Valid: 0, Valid Percent: 0.00%, IPv4: 0, IPv6: 1, Min Delay: -1 ms, Max Speed: 0.00 M/s, Avg Speed: 0.00 M/s, Max Resolution: None
Category: ☘️江苏频道, Name: 溧水新闻综合, Total: 11, Valid: 0, Valid Percent: 0.00%, IPv4: 6, IPv6: 5, Min Delay: 688 ms, Max Speed: 0.00 M/s, Avg Speed: 0.00 M/s, Max Resolution: None
Category: ☘️江苏频道, Name: 苏州生活资讯, Total: 3, Valid: 2, Valid Percent: 66.67%, IPv4: 1, IPv6: 2, Min Delay: 287 ms, Max Speed: 0.72 M/s, Avg Speed: 0.56 M/s, Max Resolution: 1280x720
Category: ☘️江苏频道, Name: 苏州社会经济, Total: 3, Valid: 2, Valid Percent: 66.67%, IPv4: 1, IPv6: 2, Min Delay: 289 ms, Max Speed: 0.71 M/s, Avg Speed: 0.69 M/s, Max Resolution: 1280x720
Category: ☘️江苏频道, Name: 涟水电视台综合, Total: 5, Valid: 0, Valid Percent: 0.00%, IPv4: 0, IPv6: 5, Min Delay: 2212 ms, Max Speed: 0.00 M/s, Avg Speed: 0.00 M/s, Max Resolution: None
Category: ☘️江苏频道, Name: 淮安影院娱乐, Total: 2, Valid: 0, Valid Percent: 0.00%, IPv4: 0, IPv6: 2, Min Delay: -1 ms, Max Speed: 0.00 M/s, Avg Speed: 0.00 M/s, Max Resolution: None
Category: ☘️江苏频道, Name: 镇江二套社会民生, Total: 1, Valid: 1, Valid Percent: 100.00%, IPv4: 1, IPv6: 0, Min Delay: 4151 ms, Max Speed: 0.25 M/s, Avg Speed: 0.25 M/s, Max Resolution: 1920x1080
Category: ☘️江苏频道, Name: 镇江新闻综合, Total: 18, Valid: 4, Valid Percent: 22.22%, IPv4: 12, IPv6: 6, Min Delay: 549 ms, Max Speed: 2.47 M/s, Avg Speed: 1.90 M/s, Max Resolution: 1920x1080
Category: ☘️江苏频道, Name: 靖江新闻综合, Total: 3, Valid: 1, Valid Percent: 33.33%, IPv4: 0, IPv6: 3, Min Delay: 287 ms, Max Speed: 0.04 M/s, Avg Speed: 0.04 M/s, Max Resolution: None
Category: ☘️江苏频道, Name: 连云港新闻综合, Total: 19, Valid: 3, Valid Percent: 15.79%, IPv4: 10, IPv6: 9, Min Delay: 148 ms, Max Speed: 8.01 M/s, Avg Speed: 7.77 M/s, Max Resolution: 1920x1080
Category: ☘️辽宁频道, Name: 朝阳新闻综合, Total: 1, Valid: 0, Valid Percent: 0.00%, IPv4: 1, IPv6: 0, Min Delay: 10021 ms, Max Speed: 0.00 M/s, Avg Speed: 0.00 M/s, Max Resolution: None
Category: ☘️辽宁频道, Name: 辽宁北方, Total: 3, Valid: 1, Valid Percent: 33.33%, IPv4: 2, IPv6: 1, Min Delay: 286 ms, Max Speed: 0.01 M/s, Avg Speed: 0.01 M/s, Max Resolution: None
Category: ☘️辽宁频道, Name: 辽宁影视剧, Total: 4, Valid: 0, Valid Percent: 0.00%, IPv4: 1, IPv6: 3, Min Delay: 287 ms, Max Speed: 0.00 M/s, Avg Speed: 0.00 M/s, Max Resolution: None
Category: ☘️辽宁频道, Name: 辽宁教育青少, Total: 2, Valid: 0, Valid Percent: 0.00%, IPv4: 1, IPv6: 1, Min Delay: 343 ms, Max Speed: 0.00 M/s, Avg Speed: 0.00 M/s, Max Resolution: None
Category: ☘️辽宁频道, Name: 辽宁生活, Total: 3, Valid: 1, Valid Percent: 33.33%, IPv4: 2, IPv6: 1, Min Delay: 287 ms, Max Speed: 0.01 M/s, Avg Speed: 0.01 M/s, Max Resolution: None
Category: ☘️湖南频道, Name: 湖南视剧, Total: 1, Valid: 0, Valid Percent: 0.00%, IPv4: 1, IPv6: 0, Min Delay: -1 ms, Max Speed: 0.00 M/s, Avg Speed: 0.00 M/s, Max Resolution: None
Category: ☘️湖南频道, Name: 湖南都市, Total: 9, Valid: 1, Valid Percent: 11.11%, IPv4: 2, IPv6: 7, Min Delay: 286 ms, Max Speed: 0.57 M/s, Avg Speed: 0.57 M/s, Max Resolution: None
Category: ☘️辽宁频道, Name: 辽宁经济, Total: 4, Valid: 1, Valid Percent: 25.00%, IPv4: 3, IPv6: 1, Min Delay: 379 ms, Max Speed: 0.02 M/s, Avg Speed: 0.02 M/s, Max Resolution: None
Category: ☘️湖南频道, Name: 湖南经视, Total: 10, Valid: 0, Valid Percent: 0.00%, IPv4: 2, IPv6: 8, Min Delay: 284 ms, Max Speed: 0.00 M/s, Avg Speed: 0.00 M/s, Max Resolution: None
Category: ☘️辽宁频道, Name: 辽宁都市, Total: 5, Valid: 1, Valid Percent: 20.00%, IPv4: 3, IPv6: 2, Min Delay: 287 ms, Max Speed: 0.02 M/s, Avg Speed: 0.02 M/s, Max Resolution: 1920x1080
Category: ☘️湖南频道, Name: 湖南爱晚, Total: 3, Valid: 0, Valid Percent: 0.00%, IPv4: 3, IPv6: 0, Min Delay: -1 ms, Max Speed: 0.00 M/s, Avg Speed: 0.00 M/s, Max Resolution: None
Category: ☘️湖南频道, Name: 湖南电视剧, Total: 9, Valid: 1, Valid Percent: 11.11%, IPv4: 1, IPv6: 8, Min Delay: 71 ms, Max Speed: 7.63 M/s, Avg Speed: 7.63 M/s, Max Resolution: 640x360
Category: ☘️湖南频道, Name: 湖南电影, Total: 2, Valid: 0, Valid Percent: 0.00%, IPv4: 1, IPv6: 1, Min Delay: 288 ms, Max Speed: 0.00 M/s, Avg Speed: 0.00 M/s, Max Resolution: None
Category: ☘️湖南频道, Name: 湖南娱乐, Total: 3, Valid: 0, Valid Percent: 0.00%, IPv4: 1, IPv6: 2, Min Delay: 287 ms, Max Speed: 0.00 M/s, Avg Speed: 0.00 M/s, Max Resolution: None
Category: ☘️湖南频道, Name: 湖南国际, Total: 3, Valid: 0, Valid Percent: 0.00%, IPv4: 1, IPv6: 2, Min Delay: 290 ms, Max Speed: 0.00 M/s, Avg Speed: 0.00 M/s, Max Resolution: None
Category: ☘️湖南频道, Name: 湖南公共, Total: 4, Valid: 0, Valid Percent: 0.00%, IPv4: 0, IPv6: 4, Min Delay: 287 ms, Max Speed: 0.00 M/s, Avg Speed: 0.00 M/s, Max Resolution: None
Category: ☘️湖南频道, Name: 长沙政法, Total: 1, Valid: 0, Valid Percent: 0.00%, IPv4: 1, IPv6: 0, Min Delay: -1 ms, Max Speed: 0.00 M/s, Avg Speed: 0.00 M/s, Max Resolution: None
Category: ☘️湖南频道, Name: 长沙女性, Total: 1, Valid: 0, Valid Percent: 0.00%, IPv4: 1, IPv6: 0, Min Delay: -1 ms, Max Speed: 0.00 M/s, Avg Speed: 0.00 M/s, Max Resolution: None
Category: ☘️湖北频道, Name: 湖北综合, Total: 3, Valid: 0, Valid Percent: 0.00%, IPv4: 0, IPv6: 3, Min Delay: 291 ms, Max Speed: 0.00 M/s, Avg Speed: 0.00 M/s, Max Resolution: None
Category: ☘️湖南频道, Name: 湖南教育, Total: 2, Valid: 0, Valid Percent: 0.00%, IPv4: 1, IPv6: 1, Min Delay: 407 ms, Max Speed: 0.00 M/s, Avg Speed: 0.00 M/s, Max Resolution: None
Category: ☘️湖南频道, Name: 长沙新闻, Total: 2, Valid: 1, Valid Percent: 50.00%, IPv4: 1, IPv6: 1, Min Delay: 557 ms, Max Speed: 0.00 M/s, Avg Speed: 0.00 M/s, Max Resolution: None
Category: ☘️湖南频道, Name: 衡阳新闻综合, Total: 1, Valid: 1, Valid Percent: 100.00%, IPv4: 1, IPv6: 0, Min Delay: 7018 ms, Max Speed: 0.01 M/s, Avg Speed: 0.01 M/s, Max Resolution: None
Category: ☘️湖南频道, Name: 金鹰纪实, Total: 14, Valid: 0, Valid Percent: 0.00%, IPv4: 4, IPv6: 10, Min Delay: 284 ms, Max Speed: 0.00 M/s, Avg Speed: 0.00 M/s, Max Resolution: None
Category: ☘️湖北频道, Name: 湖北生活, Total: 4, Valid: 0, Valid Percent: 0.00%, IPv4: 0, IPv6: 4, Min Delay: 293 ms, Max Speed: 0.00 M/s, Avg Speed: 0.00 M/s, Max Resolution: None
Category: ☘️湖北频道, Name: 湖北教育, Total: 4, Valid: 1, Valid Percent: 25.00%, IPv4: 0, IPv6: 4, Min Delay: 77 ms, Max Speed: 5.59 M/s, Avg Speed: 5.59 M/s, Max Resolution: 1280x720
Category: ☘️湖南频道, Name: 娄底综合, Total: 2, Valid: 0, Valid Percent: 0.00%, IPv4: 1, IPv6: 1, Min Delay: -1 ms, Max Speed: 0.00 M/s, Avg Speed: 0.00 M/s, Max Resolution: None
Category: ☘️湖北频道, Name: 湖北公共, Total: 1, Valid: 0, Valid Percent: 0.00%, IPv4: 0, IPv6: 1, Min Delay: 333 ms, Max Speed: 0.00 M/s, Avg Speed: 0.00 M/s, Max Resolution: None
Category: ☘️湖北频道, Name: 湖北经视, Total: 7, Valid: 1, Valid Percent: 14.29%, IPv4: 4, IPv6: 3, Min Delay: 288 ms, Max Speed: 0.36 M/s, Avg Speed: 0.36 M/s, Max Resolution: 1920x1080
Category: ☘️湖北频道, Name: 武汉一台新闻综合, Total: 3, Valid: 2, Valid Percent: 66.67%, IPv4: 0, IPv6: 3, Min Delay: 290 ms, Max Speed: 0.25 M/s, Avg Speed: 0.16 M/s, Max Resolution: 720x576
Category: ☘️湖北频道, Name: 武汉二台电视剧, Total: 1, Valid: 0, Valid Percent: 0.00%, IPv4: 0, IPv6: 1, Min Delay: 384 ms, Max Speed: 0.00 M/s, Avg Speed: 0.00 M/s, Max Resolution: None
Category: ☘️湖北频道, Name: 武汉四台经济, Total: 1, Valid: 0, Valid Percent: 0.00%, IPv4: 0, IPv6: 1, Min Delay: 288 ms, Max Speed: 0.00 M/s, Avg Speed: 0.00 M/s, Max Resolution: None
Category: ☘️湖北频道, Name: 武汉经济, Total: 1, Valid: 0, Valid Percent: 0.00%, IPv4: 1, IPv6: 0, Min Delay: -1 ms, Max Speed: 0.00 M/s, Avg Speed: 0.00 M/s, Max Resolution: None
Category: ☘️湖北频道, Name: 武汉新闻综合, Total: 1, Valid: 0, Valid Percent: 0.00%, IPv4: 1, IPv6: 0, Min Delay: -1 ms, Max Speed: 0.00 M/s, Avg Speed: 0.00 M/s, Max Resolution: None
Category: ☘️湖北频道, Name: 武汉外语, Total: 1, Valid: 0, Valid Percent: 0.00%, IPv4: 1, IPv6: 0, Min Delay: -1 ms, Max Speed: 0.00 M/s, Avg Speed: 0.00 M/s, Max Resolution: None
Category: ☘️湖北频道, Name: 武汉教育, Total: 7, Valid: 0, Valid Percent: 0.00%, IPv4: 0, IPv6: 7, Min Delay: 288 ms, Max Speed: 0.00 M/s, Avg Speed: 0.00 M/s, Max Resolution: None
Category: ☘️湖北频道, Name: 湖北影视, Total: 5, Valid: 0, Valid Percent: 0.00%, IPv4: 2, IPv6: 3, Min Delay: 289 ms, Max Speed: 0.00 M/s, Avg Speed: 0.00 M/s, Max Resolution: None
Category: ☘️湖北频道, Name: 江夏新闻综合, Total: 1, Valid: 1, Valid Percent: 100.00%, IPv4: 1, IPv6: 0, Min Delay: 1320 ms, Max Speed: 0.16 M/s, Avg Speed: 0.16 M/s, Max Resolution: 720x576
Category: ☘️湖北频道, Name: 湖北公共新闻, Total: 1, Valid: 0, Valid Percent: 0.00%, IPv4: 1, IPv6: 0, Min Delay: -1 ms, Max Speed: 0.00 M/s, Avg Speed: 0.00 M/s, Max Resolution: None
Category: ☘️湖北频道, Name: 十堰新闻, Total: 5, Valid: 0, Valid Percent: 0.00%, IPv4: 1, IPv6: 4, Min Delay: 289 ms, Max Speed: 0.00 M/s, Avg Speed: 0.00 M/s, Max Resolution: None
Category: ☘️湖北频道, Name: 湖北垄上, Total: 3, Valid: 0, Valid Percent: 0.00%, IPv4: 1, IPv6: 2, Min Delay: 285 ms, Max Speed: 0.00 M/s, Avg Speed: 0.00 M/s, Max Resolution: None
Category: ☘️广西频道, Name: 北海新闻综合, Total: 1, Valid: 0, Valid Percent: 0.00%, IPv4: 1, IPv6: 0, Min Delay: 241 ms, Max Speed: 0.00 M/s, Avg Speed: 0.00 M/s, Max Resolution: None
Category: ☘️湖北频道, Name: 荆门新闻综合, Total: 10, Valid: 8, Valid Percent: 80.00%, IPv4: 0, IPv6: 10, Min Delay: 287 ms, Max Speed: 0.48 M/s, Avg Speed: 0.45 M/s, Max Resolution: 1920x1080
Category: ☘️湖北频道, Name: 武汉文体, Total: 3, Valid: 2, Valid Percent: 66.67%, IPv4: 3, IPv6: 0, Min Delay: 530 ms, Max Speed: 0.91 M/s, Avg Speed: 0.68 M/s, Max Resolution: 1920x1080
Category: ☘️广西频道, Name: 南宁公共, Total: 9, Valid: 1, Valid Percent: 11.11%, IPv4: 4, IPv6: 5, Min Delay: 287 ms, Max Speed: 0.29 M/s, Avg Speed: 0.29 M/s, Max Resolution: 1280x720
Category: ☘️广西频道, Name: 南宁影娱乐, Total: 1, Valid: 0, Valid Percent: 0.00%, IPv4: 1, IPv6: 0, Min Delay: -1 ms, Max Speed: 0.00 M/s, Avg Speed: 0.00 M/s, Max Resolution: None
Category: ☘️广西频道, Name: 南宁新闻综合, Total: 7, Valid: 0, Valid Percent: 0.00%, IPv4: 4, IPv6: 3, Min Delay: 287 ms, Max Speed: 0.00 M/s, Avg Speed: 0.00 M/s, Max Resolution: 1920x1080
Category: ☘️广西频道, Name: 南宁都市生活, Total: 7, Valid: 3, Valid Percent: 42.86%, IPv4: 2, IPv6: 5, Min Delay: 288 ms, Max Speed: 0.24 M/s, Avg Speed: 0.23 M/s, Max Resolution: 1280x720
Category: ☘️广西频道, Name: 灌阳新闻综合, Total: 1, Valid: 1, Valid Percent: 100.00%, IPv4: 0, IPv6: 1, Min Delay: 1111 ms, Max Speed: 0.06 M/s, Avg Speed: 0.06 M/s, Max Resolution: None
Category: ☘️广西频道, Name: 田东综合, Total: 1, Valid: 0, Valid Percent: 0.00%, IPv4: 0, IPv6: 1, Min Delay: -1 ms, Max Speed: 0.00 M/s, Avg Speed: 0.00 M/s, Max Resolution: None
Category: ☘️广西频道, Name: 来宾综合, Total: 1, Valid: 1, Valid Percent: 100.00%, IPv4: 1, IPv6: 0, Min Delay: 10346 ms, Max Speed: 0.30 M/s, Avg Speed: 0.30 M/s, Max Resolution: 1920x1080
Category: ☘️广西频道, Name: 广西国际, Total: 4, Valid: 3, Valid Percent: 75.00%, IPv4: 1, IPv6: 3, Min Delay: 384 ms, Max Speed: 14.23 M/s, Avg Speed: 5.32 M/s, Max Resolution: 1920x1080
Category: ☘️四川频道, Name: 乐至综合, Total: 3, Valid: 0, Valid Percent: 0.00%, IPv4: 3, IPv6: 0, Min Delay: -1 ms, Max Speed: 0.00 M/s, Avg Speed: 0.00 M/s, Max Resolution: None
Category: ☘️广西频道, Name: 广西新闻, Total: 14, Valid: 2, Valid Percent: 14.29%, IPv4: 11, IPv6: 3, Min Delay: 77 ms, Max Speed: 10.98 M/s, Avg Speed: 10.97 M/s, Max Resolution: 1920x1080
Category: ☘️四川频道, Name: 利州综合, Total: 1, Valid: 0, Valid Percent: 0.00%, IPv4: 1, IPv6: 0, Min Delay: -1 ms, Max Speed: 0.00 M/s, Avg Speed: 0.00 M/s, Max Resolution: None
Category: ☘️天津频道, Name: 津南一套, Total: 1, Valid: 1, Valid Percent: 100.00%, IPv4: 1, IPv6: 0, Min Delay: 205 ms, Max Speed: 1.10 M/s, Avg Speed: 1.10 M/s, Max Resolution: 720x576
Category: ☘️广西频道, Name: 南宁影视娱乐, Total: 6, Valid: 0, Valid Percent: 0.00%, IPv4: 1, IPv6: 5, Min Delay: 287 ms, Max Speed: 0.00 M/s, Avg Speed: 0.00 M/s, Max Resolution: None
Category: ☘️四川频道, Name: 什邡新闻, Total: 1, Valid: 1, Valid Percent: 100.00%, IPv4: 1, IPv6: 0, Min Delay: 540 ms, Max Speed: 0.00 M/s, Avg Speed: 0.00 M/s, Max Resolution: 1920x1080
Category: ☘️四川频道, Name: 仁寿综合, Total: 1, Valid: 1, Valid Percent: 100.00%, IPv4: 1, IPv6: 0, Min Delay: 1241 ms, Max Speed: 0.05 M/s, Avg Speed: 0.05 M/s, Max Resolution: None
Category: ☘️四川频道, Name: 井研综合, Total: 1, Valid: 1, Valid Percent: 100.00%, IPv4: 1, IPv6: 0, Min Delay: 2033 ms, Max Speed: 0.14 M/s, Avg Speed: 0.14 M/s, Max Resolution: 1920x1080
Category: ☘️天津频道, Name: 武清综合, Total: 1, Valid: 1, Valid Percent: 100.00%, IPv4: 1, IPv6: 0, Min Delay: 4057 ms, Max Speed: 0.39 M/s, Avg Speed: 0.39 M/s, Max Resolution: 720x576
Category: ☘️四川频道, Name: 叙州新闻综合, Total: 6, Valid: 0, Valid Percent: 0.00%, IPv4: 1, IPv6: 5, Min Delay: 287 ms, Max Speed: 0.00 M/s, Avg Speed: 0.00 M/s, Max Resolution: None
Category: ☘️四川频道, Name: 名山综合, Total: 1, Valid: 1, Valid Percent: 100.00%, IPv4: 1, IPv6: 0, Min Delay: 1412 ms, Max Speed: 0.32 M/s, Avg Speed: 0.32 M/s, Max Resolution: 1920x1080
Category: ☘️四川频道, Name: 四川科教, Total: 4, Valid: 1, Valid Percent: 25.00%, IPv4: 1, IPv6: 3, Min Delay: 289 ms, Max Speed: 0.32 M/s, Avg Speed: 0.32 M/s, Max Resolution: 1920x1080
Category: ☘️四川频道, Name: 剑阁综合, Total: 1, Valid: 1, Valid Percent: 100.00%, IPv4: 1, IPv6: 0, Min Delay: 10270 ms, Max Speed: 0.06 M/s, Avg Speed: 0.06 M/s, Max Resolution: 960x528
Category: ☘️四川频道, Name: 广安公共, Total: 2, Valid: 2, Valid Percent: 100.00%, IPv4: 0, IPv6: 2, Min Delay: 522 ms, Max Speed: 0.00 M/s, Avg Speed: 0.00 M/s, Max Resolution: 1920x1080
Category: ☘️四川频道, Name: 乐山新闻综合, Total: 3, Valid: 0, Valid Percent: 0.00%, IPv4: 1, IPv6: 2, Min Delay: 315 ms, Max Speed: 0.00 M/s, Avg Speed: 0.00 M/s, Max Resolution: None
Category: ☘️四川频道, Name: 双流综合, Total: 1, Valid: 0, Valid Percent: 0.00%, IPv4: 1, IPv6: 0, Min Delay: -1 ms, Max Speed: 0.00 M/s, Avg Speed: 0.00 M/s, Max Resolution: None
Category: ☘️四川频道, Name: 广元公共, Total: 1, Valid: 1, Valid Percent: 100.00%, IPv4: 1, IPv6: 0, Min Delay: 10313 ms, Max Speed: 0.10 M/s, Avg Speed: 0.10 M/s, Max Resolution: 1280x720
Category: ☘️四川频道, Name: 广元综合, Total: 3, Valid: 1, Valid Percent: 33.33%, IPv4: 1, IPv6: 2, Min Delay: 394 ms, Max Speed: 0.06 M/s, Avg Speed: 0.06 M/s, Max Resolution: 1280x720
Category: ☘️四川频道, Name: 夹江新闻综合, Total: 1, Valid: 0, Valid Percent: 0.00%, IPv4: 1, IPv6: 0, Min Delay: -1 ms, Max Speed: 0.00 M/s, Avg Speed: 0.00 M/s, Max Resolution: None
Category: ☘️四川频道, Name: 攀枝花新闻综合, Total: 1, Valid: 0, Valid Percent: 0.00%, IPv4: 1, IPv6: 0, Min Delay: -1 ms, Max Speed: 0.00 M/s, Avg Speed: 0.00 M/s, Max Resolution: None
Category: ☘️四川频道, Name: 旺苍新闻综合, Total: 1, Valid: 1, Valid Percent: 100.00%, IPv4: 0, IPv6: 1, Min Delay: 2324 ms, Max Speed: 0.92 M/s, Avg Speed: 0.92 M/s, Max Resolution: 1920x1080
Category: ☘️四川频道, Name: 松潘新闻综合, Total: 2, Valid: 2, Valid Percent: 100.00%, IPv4: 0, IPv6: 2, Min Delay: 550 ms, Max Speed: 0.00 M/s, Avg Speed: 0.00 M/s, Max Resolution: 1920x1080
Category: ☘️四川频道, Name: 沙湾综合, Total: 1, Valid: 0, Valid Percent: 0.00%, IPv4: 1, IPv6: 0, Min Delay: -1 ms, Max Speed: 0.00 M/s, Avg Speed: 0.00 M/s, Max Resolution: None
Category: ☘️四川频道, Name: 汶川新闻综合, Total: 1, Valid: 1, Valid Percent: 100.00%, IPv4: 0, IPv6: 1, Min Delay: 548 ms, Max Speed: 0.00 M/s, Avg Speed: 0.00 M/s, Max Resolution: None
Category: ☘️四川频道, Name: 朝天综合, Total: 1, Valid: 1, Valid Percent: 100.00%, IPv4: 1, IPv6: 0, Min Delay: 10542 ms, Max Speed: 0.06 M/s, Avg Speed: 0.06 M/s, Max Resolution: 960x528
Category: ☘️四川频道, Name: 德阳公共, Total: 1, Valid: 0, Valid Percent: 0.00%, IPv4: 1, IPv6: 0, Min Delay: -1 ms, Max Speed: 0.00 M/s, Avg Speed: 0.00 M/s, Max Resolution: None
Category: ☘️四川频道, Name: 德阳新闻综合, Total: 4, Valid: 0, Valid Percent: 0.00%, IPv4: 1, IPv6: 3, Min Delay: 280 ms, Max Speed: 0.00 M/s, Avg Speed: 0.00 M/s, Max Resolution: None
Category: ☘️四川频道, Name: 康巴卫视, Total: 33, Valid: 4, Valid Percent: 12.12%, IPv4: 20, IPv6: 13, Min Delay: 1012 ms, Max Speed: 0.47 M/s, Avg Speed: 0.40 M/s, Max Resolution: 1280x720
Category: ☘️四川频道, Name: 昭化综合, Total: 1, Valid: 0, Valid Percent: 0.00%, IPv4: 1, IPv6: 0, Min Delay: -1 ms, Max Speed: 0.00 M/s, Avg Speed: 0.00 M/s, Max Resolution: None
Category: ☘️四川频道, Name: 沐川综合, Total: 2, Valid: 1, Valid Percent: 50.00%, IPv4: 1, IPv6: 1, Min Delay: 4701 ms, Max Speed: 0.19 M/s, Avg Speed: 0.19 M/s, Max Resolution: 1920x1080
Category: ☘️四川频道, Name: 筠连综合, Total: 1, Valid: 0, Valid Percent: 0.00%, IPv4: 1, IPv6: 0, Min Delay: -1 ms, Max Speed: 0.00 M/s, Avg Speed: 0.00 M/s, Max Resolution: None
Category: ☘️四川频道, Name: 绵阳综合, Total: 1, Valid: 0, Valid Percent: 0.00%, IPv4: 1, IPv6: 0, Min Delay: -1 ms, Max Speed: 0.00 M/s, Avg Speed: 0.00 M/s, Max Resolution: None
Category: ☘️四川频道, Name: 石棉综合, Total: 1, Valid: 0, Valid Percent: 0.00%, IPv4: 1, IPv6: 0, Min Delay: 4924 ms, Max Speed: 0.00 M/s, Avg Speed: 0.00 M/s, Max Resolution: 1920x1080
Category: ☘️四川频道, Name: 绵阳科技, Total: 2, Valid: 0, Valid Percent: 0.00%, IPv4: 1, IPv6: 1, Min Delay: 307 ms, Max Speed: 0.00 M/s, Avg Speed: 0.00 M/s, Max Resolution: None
Category: ☘️四川频道, Name: 蓬安新闻综合, Total: 2, Valid: 0, Valid Percent: 0.00%, IPv4: 0, IPv6: 2, Min Delay: 288 ms, Max Speed: 0.00 M/s, Avg Speed: 0.00 M/s, Max Resolution: None
Category: ☘️四川频道, Name: 荥经综合, Total: 2, Valid: 2, Valid Percent: 100.00%, IPv4: 1, IPv6: 1, Min Delay: 1655 ms, Max Speed: 0.49 M/s, Avg Speed: 0.32 M/s, Max Resolution: 1920x1080
Category: ☘️四川频道, Name: 金川乡村, Total: 2, Valid: 2, Valid Percent: 100.00%, IPv4: 2, IPv6: 0, Min Delay: 546 ms, Max Speed: 0.32 M/s, Avg Speed: 0.16 M/s, Max Resolution: 720x576
Category: ☘️四川频道, Name: 汉源综合, Total: 2, Valid: 0, Valid Percent: 0.00%, IPv4: 0, IPv6: 2, Min Delay: -1 ms, Max Speed: 0.00 M/s, Avg Speed: 0.00 M/s, Max Resolution: None
Category: ☘️四川频道, Name: 青神综合, Total: 2, Valid: 0, Valid Percent: 0.00%, IPv4: 2, IPv6: 0, Min Delay: -1 ms, Max Speed: 0.00 M/s, Avg Speed: 0.00 M/s, Max Resolution: None
Category: ☘️四川频道, Name: 长宁综合, Total: 2, Valid: 1, Valid Percent: 50.00%, IPv4: 2, IPv6: 0, Min Delay: 1060 ms, Max Speed: 0.29 M/s, Avg Speed: 0.29 M/s, Max Resolution: 1920x1080
Category: ☘️四川频道, Name: 金川新闻综合, Total: 7, Valid: 3, Valid Percent: 42.86%, IPv4: 3, IPv6: 4, Min Delay: 315 ms, Max Speed: 0.22 M/s, Avg Speed: 0.12 M/s, Max Resolution: 1920x1080
Category: ☘️四川频道, Name: 青川综合, Total: 1, Valid: 1, Valid Percent: 100.00%, IPv4: 1, IPv6: 0, Min Delay: 2556 ms, Max Speed: 0.73 M/s, Avg Speed: 0.73 M/s, Max Resolution: 1920x1080
Category: ☘️四川频道, Name: 甘孜综合, Total: 2, Valid: 1, Valid Percent: 50.00%, IPv4: 1, IPv6: 1, Min Delay: 1558 ms, Max Speed: 0.22 M/s, Avg Speed: 0.22 M/s, Max Resolution: 1280x720
Category: ☘️陕西频道, Name: 陕西体育休闲, Total: 5, Valid: 0, Valid Percent: 0.00%, IPv4: 0, IPv6: 5, Min Delay: 387 ms, Max Speed: 0.00 M/s, Avg Speed: 0.00 M/s, Max Resolution: None
Category: ☘️陕西频道, Name: 陕西公共, Total: 1, Valid: 1, Valid Percent: 100.00%, IPv4: 0, IPv6: 1, Min Delay: 962 ms, Max Speed: 0.06 M/s, Avg Speed: 0.06 M/s, Max Resolution: None
Category: ☘️四川频道, Name: 雅安新闻综合, Total: 1, Valid: 1, Valid Percent: 100.00%, IPv4: 1, IPv6: 0, Min Delay: 1945 ms, Max Speed: 0.77 M/s, Avg Speed: 0.77 M/s, Max Resolution: 1920x1080
Category: ☘️陕西频道, Name: 陕西新闻资讯, Total: 4, Valid: 0, Valid Percent: 0.00%, IPv4: 0, IPv6: 4, Min Delay: -1 ms, Max Speed: 0.00 M/s, Avg Speed: 0.00 M/s, Max Resolution: None
Category: ☘️四川频道, Name: 龙泉驿新闻综合, Total: 1, Valid: 0, Valid Percent: 0.00%, IPv4: 1, IPv6: 0, Min Delay: -1 ms, Max Speed: 0.00 M/s, Avg Speed: 0.00 M/s, Max Resolution: None
Category: ☘️福建频道, Name: 云霄综合, Total: 3, Valid: 3, Valid Percent: 100.00%, IPv4: 0, IPv6: 3, Min Delay: 490 ms, Max Speed: 0.13 M/s, Avg Speed: 0.04 M/s, Max Resolution: 1920x1080
Category: ☘️福建频道, Name: 三明新闻综合, Total: 2, Valid: 2, Valid Percent: 100.00%, IPv4: 0, IPv6: 2, Min Delay: 695 ms, Max Speed: 0.08 M/s, Avg Speed: 0.08 M/s, Max Resolution: 0x0
Category: ☘️陕西频道, Name: 陕西都市青春, Total: 5, Valid: 0, Valid Percent: 0.00%, IPv4: 1, IPv6: 4, Min Delay: 337 ms, Max Speed: 0.00 M/s, Avg Speed: 0.00 M/s, Max Resolution: None
Category: ☘️福建频道, Name: 漳州新闻综合, Total: 4, Valid: 0, Valid Percent: 0.00%, IPv4: 1, IPv6: 3, Min Delay: 285 ms, Max Speed: 0.00 M/s, Avg Speed: 0.00 M/s, Max Resolution: None
Category: ☘️福建频道, Name: 福州少儿, Total: 1, Valid: 1, Valid Percent: 100.00%, IPv4: 0, IPv6: 1, Min Delay: 1063 ms, Max Speed: 0.19 M/s, Avg Speed: 0.19 M/s, Max Resolution: 1920x1080
Category: ☘️福建频道, Name: 厦门卫视, Total: 60, Valid: 17, Valid Percent: 28.33%, IPv4: 32, IPv6: 28, Min Delay: 181 ms, Max Speed: 15.83 M/s, Avg Speed: 1.75 M/s, Max Resolution: 1280x720
Category: ☘️福建频道, Name: 福建新闻, Total: 9, Valid: 1, Valid Percent: 11.11%, IPv4: 3, IPv6: 6, Min Delay: 140 ms, Max Speed: 0.69 M/s, Avg Speed: 0.69 M/s, Max Resolution: None
Category: ☘️福建频道, Name: 福建电视剧, Total: 7, Valid: 0, Valid Percent: 0.00%, IPv4: 1, IPv6: 6, Min Delay: 285 ms, Max Speed: 0.00 M/s, Avg Speed: 0.00 M/s, Max Resolution: None
Category: ☘️福建频道, Name: 漳浦综合, Total: 2, Valid: 0, Valid Percent: 0.00%, IPv4: 2, IPv6: 0, Min Delay: -1 ms, Max Speed: 0.00 M/s, Avg Speed: 0.00 M/s, Max Resolution: None
Category: ☘️福建频道, Name: 福建文体, Total: 4, Valid: 0, Valid Percent: 0.00%, IPv4: 4, IPv6: 0, Min Delay: -1 ms, Max Speed: 0.00 M/s, Avg Speed: 0.00 M/s, Max Resolution: None
Category: ☘️福建频道, Name: 福建经济, Total: 8, Valid: 1, Valid Percent: 12.50%, IPv4: 3, IPv6: 5, Min Delay: 141 ms, Max Speed: 0.68 M/s, Avg Speed: 0.68 M/s, Max Resolution: None
Category: ☘️福建频道, Name: 福建综合, Total: 9, Valid: 0, Valid Percent: 0.00%, IPv4: 3, IPv6: 6, Min Delay: 283 ms, Max Speed: 0.00 M/s, Avg Speed: 0.00 M/s, Max Resolution: None
Category: ☘️福建频道, Name: 福建少儿, Total: 8, Valid: 0, Valid Percent: 0.00%, IPv4: 2, IPv6: 6, Min Delay: 287 ms, Max Speed: 0.00 M/s, Avg Speed: 0.00 M/s, Max Resolution: None
Category: ☘️海南频道, Name: 海南新闻, Total: 4, Valid: 3, Valid Percent: 75.00%, IPv4: 1, IPv6: 3, Min Delay: 149 ms, Max Speed: 10.00 M/s, Avg Speed: 3.54 M/s, Max Resolution: 1280x720
Category: ☘️海南频道, Name: 海南自贸, Total: 2, Valid: 2, Valid Percent: 100.00%, IPv4: 1, IPv6: 1, Min Delay: 172 ms, Max Speed: 10.55 M/s, Avg Speed: 5.49 M/s, Max Resolution: 1280x720
Category: ☘️海南频道, Name: 海南文旅, Total: 4, Valid: 2, Valid Percent: 50.00%, IPv4: 1, IPv6: 3, Min Delay: 285 ms, Max Speed: 10.55 M/s, Avg Speed: 5.45 M/s, Max Resolution: 1280x720
Category: ☘️福建频道, Name: 福建公共, Total: 3, Valid: 1, Valid Percent: 33.33%, IPv4: 2, IPv6: 1, Min Delay: 327 ms, Max Speed: 0.05 M/s, Avg Speed: 0.05 M/s, Max Resolution: None
Category: ☘️河南频道, Name: 义马新闻综合, Total: 2, Valid: 0, Valid Percent: 0.00%, IPv4: 0, IPv6: 2, Min Delay: -1 ms, Max Speed: 0.00 M/s, Avg Speed: 0.00 M/s, Max Resolution: None
Category: ☘️福建频道, Name: 福建旅游, Total: 7, Valid: 1, Valid Percent: 14.29%, IPv4: 6, IPv6: 1, Min Delay: 381 ms, Max Speed: 0.44 M/s, Avg Speed: 0.44 M/s, Max Resolution: None
Category: ☘️海南频道, Name: 海南少儿, Total: 2, Valid: 2, Valid Percent: 100.00%, IPv4: 1, IPv6: 1, Min Delay: 309 ms, Max Speed: 11.17 M/s, Avg Speed: 5.80 M/s, Max Resolution: 1280x720
Category: ☘️河南频道, Name: 叶县, Total: 1, Valid: 0, Valid Percent: 0.00%, IPv4: 0, IPv6: 1, Min Delay: -1 ms, Max Speed: 0.00 M/s, Avg Speed: 0.00 M/s, Max Resolution: None
Category: ☘️河南频道, Name: 唐河一套, Total: 2, Valid: 0, Valid Percent: 0.00%, IPv4: 0, IPv6: 2, Min Delay: -1 ms, Max Speed: 0.00 M/s, Avg Speed: 0.00 M/s, Max Resolution: None
Category: ☘️福建频道, Name: 龙岩综合, Total: 2, Valid: 0, Valid Percent: 0.00%, IPv4: 2, IPv6: 0, Min Delay: -1 ms, Max Speed: 0.00 M/s, Avg Speed: 0.00 M/s, Max Resolution: None
Category: ☘️河南频道, Name: 梨园, Total: 2, Valid: 1, Valid Percent: 50.00%, IPv4: 2, IPv6: 0, Min Delay: 1659 ms, Max Speed: 0.90 M/s, Avg Speed: 0.90 M/s, Max Resolution: 1920x1080
Category: ☘️河南频道, Name: 巩义新闻综合, Total: 3, Valid: 0, Valid Percent: 0.00%, IPv4: 0, IPv6: 3, Min Delay: -1 ms, Max Speed: 0.00 M/s, Avg Speed: 0.00 M/s, Max Resolution: None
Category: ☘️海南频道, Name: 海南公共, Total: 4, Valid: 2, Valid Percent: 50.00%, IPv4: 1, IPv6: 3, Min Delay: 176 ms, Max Speed: 10.55 M/s, Avg Speed: 5.47 M/s, Max Resolution: 1280x720
Category: ☘️河南频道, Name: 扶沟综合, Total: 3, Valid: 0, Valid Percent: 0.00%, IPv4: 0, IPv6: 3, Min Delay: -1 ms, Max Speed: 0.00 M/s, Avg Speed: 0.00 M/s, Max Resolution: None
Category: ☘️河南频道, Name: 宝丰综合, Total: 4, Valid: 1, Valid Percent: 25.00%, IPv4: 1, IPv6: 3, Min Delay: 10019 ms, Max Speed: 0.02 M/s, Avg Speed: 0.02 M/s, Max Resolution: 1920x1080
Category: ☘️河南频道, Name: 兰考新闻, Total: 4, Valid: 1, Valid Percent: 25.00%, IPv4: 1, IPv6: 3, Min Delay: 10451 ms, Max Speed: 0.02 M/s, Avg Speed: 0.02 M/s, Max Resolution: 1920x1080
Category: ☘️河南频道, Name: 临颍综合, Total: 2, Valid: 1, Valid Percent: 50.00%, IPv4: 1, IPv6: 1, Min Delay: 10119 ms, Max Speed: 0.03 M/s, Avg Speed: 0.03 M/s, Max Resolution: None
Category: ☘️河南频道, Name: 桐柏新闻综合, Total: 2, Valid: 0, Valid Percent: 0.00%, IPv4: 1, IPv6: 1, Min Delay: -1 ms, Max Speed: 0.00 M/s, Avg Speed: 0.00 M/s, Max Resolution: None
Category: ☘️河南频道, Name: 周口扶沟, Total: 1, Valid: 1, Valid Percent: 100.00%, IPv4: 1, IPv6: 0, Min Delay: 10672 ms, Max Speed: 0.02 M/s, Avg Speed: 0.02 M/s, Max Resolution: 1920x1080
Category: ☘️河南频道, Name: 光山综合, Total: 3, Valid: 1, Valid Percent: 33.33%, IPv4: 1, IPv6: 2, Min Delay: 10068 ms, Max Speed: 0.03 M/s, Avg Speed: 0.03 M/s, Max Resolution: None
Category: ☘️河南频道, Name: 新蔡综合, Total: 4, Valid: 1, Valid Percent: 25.00%, IPv4: 1, IPv6: 3, Min Delay: 10626 ms, Max Speed: 0.03 M/s, Avg Speed: 0.03 M/s, Max Resolution: 1920x1080
Category: ☘️河南频道, Name: 固始综合, Total: 3, Valid: 1, Valid Percent: 33.33%, IPv4: 1, IPv6: 2, Min Delay: 10235 ms, Max Speed: 0.02 M/s, Avg Speed: 0.02 M/s, Max Resolution: 1920x1080
Category: ☘️河南频道, Name: 新县综合, Total: 3, Valid: 1, Valid Percent: 33.33%, IPv4: 1, IPv6: 2, Min Delay: 10101 ms, Max Speed: 0.02 M/s, Avg Speed: 0.02 M/s, Max Resolution: 1920x1080
Category: ☘️河南频道, Name: 卫辉综合, Total: 5, Valid: 1, Valid Percent: 20.00%, IPv4: 1, IPv6: 4, Min Delay: 10227 ms, Max Speed: 0.02 M/s, Avg Speed: 0.02 M/s, Max Resolution: 1920x1080
Category: ☘️河南频道, Name: 泌阳新闻综合, Total: 4, Valid: 1, Valid Percent: 25.00%, IPv4: 1, IPv6: 3, Min Delay: 342 ms, Max Speed: 0.03 M/s, Avg Speed: 0.03 M/s, Max Resolution: 1920x1080
Category: ☘️河南频道, Name: 渑池新闻综合, Total: 3, Valid: 1, Valid Percent: 33.33%, IPv4: 1, IPv6: 2, Min Delay: 10630 ms, Max Speed: 0.03 M/s, Avg Speed: 0.03 M/s, Max Resolution: None
Category: ☘️河南频道, Name: 潢川综合, Total: 3, Valid: 1, Valid Percent: 33.33%, IPv4: 1, IPv6: 2, Min Delay: 10760 ms, Max Speed: 0.04 M/s, Avg Speed: 0.04 M/s, Max Resolution: 1920x1080
Category: ☘️河南频道, Name: 温县综合, Total: 4, Valid: 1, Valid Percent: 25.00%, IPv4: 1, IPv6: 3, Min Delay: 10700 ms, Max Speed: 0.02 M/s, Avg Speed: 0.02 M/s, Max Resolution: 1920x1080
Category: ☘️河南频道, Name: 禹州综合, Total: 2, Valid: 1, Valid Percent: 50.00%, IPv4: 1, IPv6: 1, Min Delay: 10093 ms, Max Speed: 0.03 M/s, Avg Speed: 0.03 M/s, Max Resolution: 1920x1080
Category: ☘️河南频道, Name: 郸城新闻综合, Total: 5, Valid: 0, Valid Percent: 0.00%, IPv4: 0, IPv6: 5, Min Delay: 287 ms, Max Speed: 0.00 M/s, Avg Speed: 0.00 M/s, Max Resolution: None
Category: ☘️河南频道, Name: 淅川电视, Total: 2, Valid: 1, Valid Percent: 50.00%, IPv4: 1, IPv6: 1, Min Delay: 10099 ms, Max Speed: 0.04 M/s, Avg Speed: 0.04 M/s, Max Resolution: 1920x1080
Category: ☘️河南频道, Name: 荥阳综合, Total: 2, Valid: 0, Valid Percent: 0.00%, IPv4: 0, IPv6: 2, Min Delay: -1 ms, Max Speed: 0.00 M/s, Avg Speed: 0.00 M/s, Max Resolution: None
Category: ☘️河南频道, Name: 焦作综合, Total: 1, Valid: 0, Valid Percent: 0.00%, IPv4: 0, IPv6: 1, Min Delay: -1 ms, Max Speed: 0.00 M/s, Avg Speed: 0.00 M/s, Max Resolution: None
Category: ☘️河南频道, Name: 郏县综合, Total: 4, Valid: 1, Valid Percent: 25.00%, IPv4: 1, IPv6: 3, Min Delay: 10587 ms, Max Speed: 0.04 M/s, Avg Speed: 0.04 M/s, Max Resolution: 1920x1080
Category: ☘️河南频道, Name: 登封综合, Total: 4, Valid: 1, Valid Percent: 25.00%, IPv4: 1, IPv6: 3, Min Delay: 10917 ms, Max Speed: 0.03 M/s, Avg Speed: 0.03 M/s, Max Resolution: 1920x1080
Category: ☘️河南频道, Name: 西华综合, Total: 4, Valid: 1, Valid Percent: 25.00%, IPv4: 1, IPv6: 3, Min Delay: 10243 ms, Max Speed: 0.04 M/s, Avg Speed: 0.04 M/s, Max Resolution: 1920x1080
Category: ☘️河南频道, Name: 滑县新闻, Total: 1, Valid: 0, Valid Percent: 0.00%, IPv4: 0, IPv6: 1, Min Delay: -1 ms, Max Speed: 0.00 M/s, Avg Speed: 0.00 M/s, Max Resolution: None
Category: ☘️河南频道, Name: 济源电视一套, Total: 1, Valid: 0, Valid Percent: 0.00%, IPv4: 0, IPv6: 1, Min Delay: -1 ms, Max Speed: 0.00 M/s, Avg Speed: 0.00 M/s, Max Resolution: None
Category: ☘️河南频道, Name: 鄢陵综合, Total: 3, Valid: 1, Valid Percent: 33.33%, IPv4: 1, IPv6: 2, Min Delay: 10026 ms, Max Speed: 0.04 M/s, Avg Speed: 0.04 M/s, Max Resolution: 1920x1080
Category: ☘️河南频道, Name: 项城新闻, Total: 3, Valid: 1, Valid Percent: 33.33%, IPv4: 2, IPv6: 1, Min Delay: 10629 ms, Max Speed: 0.03 M/s, Avg Speed: 0.03 M/s, Max Resolution: 1920x1080
Category: ☘️河南频道, Name: 邓州新闻, Total: 2, Valid: 1, Valid Percent: 50.00%, IPv4: 1, IPv6: 1, Min Delay: 10657 ms, Max Speed: 0.05 M/s, Avg Speed: 0.05 M/s, Max Resolution: 1920x1080
Category: ☘️河南频道, Name: 灵宝新闻综合, Total: 1, Valid: 1, Valid Percent: 100.00%, IPv4: 1, IPv6: 0, Min Delay: 10193 ms, Max Speed: 0.03 M/s, Avg Speed: 0.03 M/s, Max Resolution: 1920x1080
Category: ☘️河南频道, Name: 鹤壁综合, Total: 1, Valid: 0, Valid Percent: 0.00%, IPv4: 0, IPv6: 1, Min Delay: -1 ms, Max Speed: 0.00 M/s, Avg Speed: 0.00 M/s, Max Resolution: None
Category: ☘️河南频道, Name: 许昌公共, Total: 1, Valid: 0, Valid Percent: 0.00%, IPv4: 0, IPv6: 1, Min Delay: -1 ms, Max Speed: 0.00 M/s, Avg Speed: 0.00 M/s, Max Resolution: None
Category: ☘️河南频道, Name: 洛阳文旅, Total: 1, Valid: 0, Valid Percent: 0.00%, IPv4: 0, IPv6: 1, Min Delay: -1 ms, Max Speed: 0.00 M/s, Avg Speed: 0.00 M/s, Max Resolution: None
Category: ☘️河南频道, Name: 焦作教育, Total: 1, Valid: 0, Valid Percent: 0.00%, IPv4: 0, IPv6: 1, Min Delay: -1 ms, Max Speed: 0.00 M/s, Avg Speed: 0.00 M/s, Max Resolution: None
Category: ☘️河南频道, Name: 焦作公共, Total: 1, Valid: 0, Valid Percent: 0.00%, IPv4: 0, IPv6: 1, Min Delay: -1 ms, Max Speed: 0.00 M/s, Avg Speed: 0.00 M/s, Max Resolution: None
Category: ☘️河南频道, Name: 方城一套, Total: 2, Valid: 0, Valid Percent: 0.00%, IPv4: 0, IPv6: 2, Min Delay: -1 ms, Max Speed: 0.00 M/s, Avg Speed: 0.00 M/s, Max Resolution: None
Category: ☘️河南频道, Name: 新野综合, Total: 3, Valid: 0, Valid Percent: 0.00%, IPv4: 0, IPv6: 3, Min Delay: -1 ms, Max Speed: 0.00 M/s, Avg Speed: 0.00 M/s, Max Resolution: None
Category: ☘️河南频道, Name: 濮阳公共, Total: 1, Valid: 0, Valid Percent: 0.00%, IPv4: 0, IPv6: 1, Min Delay: -1 ms, Max Speed: 0.00 M/s, Avg Speed: 0.00 M/s, Max Resolution: None
Category: ☘️河南频道, Name: 嵩县综合新闻, Total: 1, Valid: 0, Valid Percent: 0.00%, IPv4: 0, IPv6: 1, Min Delay: -1 ms, Max Speed: 0.00 M/s, Avg Speed: 0.00 M/s, Max Resolution: None
Category: ☘️河南频道, Name: 开封新闻综合, Total: 1, Valid: 0, Valid Percent: 0.00%, IPv4: 0, IPv6: 1, Min Delay: 394 ms, Max Speed: 0.00 M/s, Avg Speed: 0.00 M/s, Max Resolution: None
Category: ☘️河南频道, Name: 洛阳综合, Total: 2, Valid: 0, Valid Percent: 0.00%, IPv4: 0, IPv6: 2, Min Delay: -1 ms, Max Speed: 0.00 M/s, Avg Speed: 0.00 M/s, Max Resolution: None
Category: ☘️河南频道, Name: 洛阳科教, Total: 2, Valid: 0, Valid Percent: 0.00%, IPv4: 0, IPv6: 2, Min Delay: -1 ms, Max Speed: 0.00 M/s, Avg Speed: 0.00 M/s, Max Resolution: None
Category: ☘️河南频道, Name: 河南都市, Total: 3, Valid: 3, Valid Percent: 100.00%, IPv4: 2, IPv6: 1, Min Delay: 473 ms, Max Speed: 1.45 M/s, Avg Speed: 0.97 M/s, Max Resolution: 1920x1080
Category: ☘️河南频道, Name: 内乡综合, Total: 1, Valid: 0, Valid Percent: 0.00%, IPv4: 0, IPv6: 1, Min Delay: -1 ms, Max Speed: 0.00 M/s, Avg Speed: 0.00 M/s, Max Resolution: None
Category: ☘️河南频道, Name: 沁阳新闻综合, Total: 2, Valid: 1, Valid Percent: 50.00%, IPv4: 1, IPv6: 1, Min Delay: 288 ms, Max Speed: 0.04 M/s, Avg Speed: 0.04 M/s, Max Resolution: 1920x1080
Category: ☘️河南频道, Name: 周口新闻综合, Total: 2, Valid: 0, Valid Percent: 0.00%, IPv4: 0, IPv6: 2, Min Delay: 287 ms, Max Speed: 0.00 M/s, Avg Speed: 0.00 M/s, Max Resolution: None
Category: ☘️河北频道, Name: 鹿泉一套, Total: 1, Valid: 0, Valid Percent: 0.00%, IPv4: 0, IPv6: 1, Min Delay: -1 ms, Max Speed: 0.00 M/s, Avg Speed: 0.00 M/s, Max Resolution: None
Category: ☘️河南频道, Name: 新安新闻综合, Total: 4, Valid: 1, Valid Percent: 25.00%, IPv4: 1, IPv6: 3, Min Delay: 10798 ms, Max Speed: 0.04 M/s, Avg Speed: 0.04 M/s, Max Resolution: 1920x1080
Category: ☘️河南频道, Name: 河南民生, Total: 2, Valid: 2, Valid Percent: 100.00%, IPv4: 1, IPv6: 1, Min Delay: 476 ms, Max Speed: 1.43 M/s, Avg Speed: 0.88 M/s, Max Resolution: 1920x1080
Category: ☘️河北频道, Name: 邯郸科教, Total: 1, Valid: 0, Valid Percent: 0.00%, IPv4: 0, IPv6: 1, Min Delay: -1 ms, Max Speed: 0.00 M/s, Avg Speed: 0.00 M/s, Max Resolution: None
Category: ☘️河北频道, Name: 邯郸科技教育, Total: 1, Valid: 1, Valid Percent: 100.00%, IPv4: 0, IPv6: 1, Min Delay: 1640 ms, Max Speed: 0.25 M/s, Avg Speed: 0.25 M/s, Max Resolution: 1920x1080
Category: ☘️河南频道, Name: 开封文化旅游, Total: 3, Valid: 1, Valid Percent: 33.33%, IPv4: 1, IPv6: 2, Min Delay: 10927 ms, Max Speed: 0.04 M/s, Avg Speed: 0.04 M/s, Max Resolution: 720x576
Category: ☘️河北频道, Name: 邯郸公共, Total: 2, Valid: 1, Valid Percent: 50.00%, IPv4: 0, IPv6: 2, Min Delay: 1477 ms, Max Speed: 0.34 M/s, Avg Speed: 0.34 M/s, Max Resolution: 1920x1080
Category: ☘️河北频道, Name: 邯郸新闻, Total: 2, Valid: 1, Valid Percent: 50.00%, IPv4: 0, IPv6: 2, Min Delay: 1700 ms, Max Speed: 0.36 M/s, Avg Speed: 0.36 M/s, Max Resolution: 1920x1080
Category: ☘️河南频道, Name: 内黄综合, Total: 4, Valid: 1, Valid Percent: 25.00%, IPv4: 1, IPv6: 3, Min Delay: 10362 ms, Max Speed: 0.06 M/s, Avg Speed: 0.06 M/s, Max Resolution: 1920x1080
Category: ☘️河南频道, Name: 偃师新闻, Total: 3, Valid: 1, Valid Percent: 33.33%, IPv4: 1, IPv6: 2, Min Delay: 10634 ms, Max Speed: 0.05 M/s, Avg Speed: 0.05 M/s, Max Resolution: 1920x1080
Category: ☘️河南频道, Name: 宜阳综合, Total: 5, Valid: 1, Valid Percent: 20.00%, IPv4: 1, IPv6: 4, Min Delay: 10252 ms, Max Speed: 0.03 M/s, Avg Speed: 0.03 M/s, Max Resolution: None
Category: ☘️河北频道, Name: 衡水公共, Total: 1, Valid: 1, Valid Percent: 100.00%, IPv4: 0, IPv6: 1, Min Delay: 1122 ms, Max Speed: 0.05 M/s, Avg Speed: 0.05 M/s, Max Resolution: None
Category: ☘️河北频道, Name: 石家庄都市, Total: 5, Valid: 0, Valid Percent: 0.00%, IPv4: 1, IPv6: 4, Min Delay: 288 ms, Max Speed: 0.00 M/s, Avg Speed: 0.00 M/s, Max Resolution: None
Category: ☘️河北频道, Name: 石家庄生活, Total: 5, Valid: 0, Valid Percent: 0.00%, IPv4: 1, IPv6: 4, Min Delay: 288 ms, Max Speed: 0.00 M/s, Avg Speed: 0.00 M/s, Max Resolution: None
Category: ☘️河北频道, Name: 邢台综合, Total: 11, Valid: 1, Valid Percent: 9.09%, IPv4: 1, IPv6: 10, Min Delay: 289 ms, Max Speed: 0.26 M/s, Avg Speed: 0.26 M/s, Max Resolution: 1280x720
Category: ☘️河北频道, Name: 滦平新闻, Total: 1, Valid: 0, Valid Percent: 0.00%, IPv4: 0, IPv6: 1, Min Delay: -1 ms, Max Speed: 0.00 M/s, Avg Speed: 0.00 M/s, Max Resolution: None
Category: ☘️河北频道, Name: 石家庄新闻综合, Total: 6, Valid: 0, Valid Percent: 0.00%, IPv4: 1, IPv6: 5, Min Delay: 287 ms, Max Speed: 0.00 M/s, Avg Speed: 0.00 M/s, Max Resolution: None
Category: ☘️河北频道, Name: 石家庄娱乐, Total: 6, Valid: 0, Valid Percent: 0.00%, IPv4: 1, IPv6: 5, Min Delay: 279 ms, Max Speed: 0.00 M/s, Avg Speed: 0.00 M/s, Max Resolution: None
Category: ☘️河北频道, Name: 任丘文娱, Total: 2, Valid: 0, Valid Percent: 0.00%, IPv4: 0, IPv6: 2, Min Delay: -1 ms, Max Speed: 0.00 M/s, Avg Speed: 0.00 M/s, Max Resolution: None
Category: ☘️河北频道, Name: 邢台城生, Total: 1, Valid: 0, Valid Percent: 0.00%, IPv4: 1, IPv6: 0, Min Delay: -1 ms, Max Speed: 0.00 M/s, Avg Speed: 0.00 M/s, Max Resolution: None
Category: ☘️河北频道, Name: 平泉影视, Total: 1, Valid: 0, Valid Percent: 0.00%, IPv4: 0, IPv6: 1, Min Delay: -1 ms, Max Speed: 0.00 M/s, Avg Speed: 0.00 M/s, Max Resolution: None
Category: ☘️河北频道, Name: 昌黎综合, Total: 2, Valid: 1, Valid Percent: 50.00%, IPv4: 0, IPv6: 2, Min Delay: 1435 ms, Max Speed: 0.23 M/s, Avg Speed: 0.23 M/s, Max Resolution: 1280x720
Category: ☘️河北频道, Name: 清河新闻综合, Total: 2, Valid: 0, Valid Percent: 0.00%, IPv4: 0, IPv6: 2, Min Delay: -1 ms, Max Speed: 0.00 M/s, Avg Speed: 0.00 M/s, Max Resolution: None
Category: ☘️河北频道, Name: 任丘综合, Total: 2, Valid: 1, Valid Percent: 50.00%, IPv4: 0, IPv6: 2, Min Delay: 1517 ms, Max Speed: 0.19 M/s, Avg Speed: 0.19 M/s, Max Resolution: 1920x1080
Category: ☘️河北频道, Name: 兴隆综合, Total: 2, Valid: 1, Valid Percent: 50.00%, IPv4: 0, IPv6: 2, Min Delay: 1411 ms, Max Speed: 0.19 M/s, Avg Speed: 0.19 M/s, Max Resolution: 1920x1080
Category: ☘️甘肃频道, Name: 甘肃经济, Total: 1, Valid: 0, Valid Percent: 0.00%, IPv4: 0, IPv6: 1, Min Delay: -1 ms, Max Speed: 0.00 M/s, Avg Speed: 0.00 M/s, Max Resolution: None
Category: ☘️甘肃频道, Name: 甘肃都市, Total: 1, Valid: 0, Valid Percent: 0.00%, IPv4: 0, IPv6: 1, Min Delay: -1 ms, Max Speed: 0.00 M/s, Avg Speed: 0.00 M/s, Max Resolution: None
Category: ☘️河北频道, Name: 平泉综合, Total: 1, Valid: 1, Valid Percent: 100.00%, IPv4: 0, IPv6: 1, Min Delay: 1552 ms, Max Speed: 0.23 M/s, Avg Speed: 0.23 M/s, Max Resolution: 1280x720
Category: ☘️河北频道, Name: 清河经济综艺, Total: 2, Valid: 1, Valid Percent: 50.00%, IPv4: 0, IPv6: 2, Min Delay: 1439 ms, Max Speed: 0.18 M/s, Avg Speed: 0.18 M/s, Max Resolution: 1920x1080
Category: ☘️贵州频道, Name: 安顺新闻, Total: 2, Valid: 2, Valid Percent: 100.00%, IPv4: 0, IPv6: 2, Min Delay: 1122 ms, Max Speed: 0.42 M/s, Avg Speed: 0.25 M/s, Max Resolution: 1920x1080
Category: ☘️甘肃频道, Name: 甘肃少儿, Total: 1, Valid: 0, Valid Percent: 0.00%, IPv4: 0, IPv6: 1, Min Delay: -1 ms, Max Speed: 0.00 M/s, Avg Speed: 0.00 M/s, Max Resolution: None
Category: ☘️甘肃频道, Name: 临夏州综合, Total: 1, Valid: 1, Valid Percent: 100.00%, IPv4: 1, IPv6: 0, Min Delay: 738 ms, Max Speed: 0.05 M/s, Avg Speed: 0.05 M/s, Max Resolution: 720x576
Category: ☘️河北频道, Name: 河北都市, Total: 4, Valid: 2, Valid Percent: 50.00%, IPv4: 3, IPv6: 1, Min Delay: 289 ms, Max Speed: 0.28 M/s, Avg Speed: 0.19 M/s, Max Resolution: 960x540
Category: ☘️河北频道, Name: 河北农民, Total: 7, Valid: 6, Valid Percent: 85.71%, IPv4: 2, IPv6: 5, Min Delay: 660 ms, Max Speed: 0.29 M/s, Avg Speed: 0.19 M/s, Max Resolution: 1280x720
Category: ☘️甘肃频道, Name: 景泰综合, Total: 1, Valid: 0, Valid Percent: 0.00%, IPv4: 1, IPv6: 0, Min Delay: -1 ms, Max Speed: 0.00 M/s, Avg Speed: 0.00 M/s, Max Resolution: None
Category: ☘️甘肃频道, Name: 武威新闻, Total: 1, Valid: 0, Valid Percent: 0.00%, IPv4: 1, IPv6: 0, Min Delay: -1 ms, Max Speed: 0.00 M/s, Avg Speed: 0.00 M/s, Max Resolution: None
Category: ☘️甘肃频道, Name: 嘉峪关综合, Total: 1, Valid: 1, Valid Percent: 100.00%, IPv4: 1, IPv6: 0, Min Delay: 889 ms, Max Speed: 0.12 M/s, Avg Speed: 0.12 M/s, Max Resolution: 1920x1080
Category: ☘️甘肃频道, Name: 永昌综合, Total: 1, Valid: 1, Valid Percent: 100.00%, IPv4: 1, IPv6: 0, Min Delay: 1834 ms, Max Speed: 0.81 M/s, Avg Speed: 0.81 M/s, Max Resolution: 1920x1080
Category: ☘️甘肃频道, Name: 甘南综合, Total: 1, Valid: 1, Valid Percent: 100.00%, IPv4: 1, IPv6: 0, Min Delay: 1719 ms, Max Speed: 0.15 M/s, Avg Speed: 0.15 M/s, Max Resolution: 1920x1080
Category: ☘️甘肃频道, Name: 白银综合, Total: 1, Valid: 1, Valid Percent: 100.00%, IPv4: 1, IPv6: 0, Min Delay: 1246 ms, Max Speed: 0.17 M/s, Avg Speed: 0.17 M/s, Max Resolution: 1920x1080
Category: ☘️甘肃频道, Name: 金昌综合, Total: 1, Valid: 0, Valid Percent: 0.00%, IPv4: 1, IPv6: 0, Min Delay: 307 ms, Max Speed: 0.00 M/s, Avg Speed: 0.00 M/s, Max Resolution: None
Category: ☘️甘肃频道, Name: 舟曲新闻, Total: 1, Valid: 0, Valid Percent: 0.00%, IPv4: 1, IPv6: 0, Min Delay: -1 ms, Max Speed: 0.00 M/s, Avg Speed: 0.00 M/s, Max Resolution: None
Category: ☘️新疆频道, Name: 哈密三套, Total: 1, Valid: 1, Valid Percent: 100.00%, IPv4: 1, IPv6: 0, Min Delay: 295 ms, Max Speed: 2.25 M/s, Avg Speed: 2.25 M/s, Max Resolution: 1920x1080
Category: ☘️甘肃频道, Name: 通渭综合, Total: 1, Valid: 0, Valid Percent: 0.00%, IPv4: 1, IPv6: 0, Min Delay: -1 ms, Max Speed: 0.00 M/s, Avg Speed: 0.00 M/s, Max Resolution: None
Category: ☘️新疆频道, Name: 哈密二套, Total: 1, Valid: 1, Valid Percent: 100.00%, IPv4: 1, IPv6: 0, Min Delay: 290 ms, Max Speed: 2.23 M/s, Avg Speed: 2.23 M/s, Max Resolution: 1920x1080
Category: ☘️甘肃频道, Name: 西和综合, Total: 1, Valid: 1, Valid Percent: 100.00%, IPv4: 1, IPv6: 0, Min Delay: 2538 ms, Max Speed: 0.63 M/s, Avg Speed: 0.63 M/s, Max Resolution: 1920x1080
Category: ☘️甘肃频道, Name: 靖远综合, Total: 1, Valid: 0, Valid Percent: 0.00%, IPv4: 1, IPv6: 0, Min Delay: -1 ms, Max Speed: 0.00 M/s, Avg Speed: 0.00 M/s, Max Resolution: None
Category: ☘️贵州频道, Name: 贵州移动电视, Total: 1, Valid: 1, Valid Percent: 100.00%, IPv4: 1, IPv6: 0, Min Delay: 629 ms, Max Speed: 0.05 M/s, Avg Speed: 0.05 M/s, Max Resolution: 1920x1080
Category: ☘️新疆频道, Name: 兵团五师双河新闻综合, Total: 2, Valid: 0, Valid Percent: 0.00%, IPv4: 2, IPv6: 0, Min Delay: -1 ms, Max Speed: 0.00 M/s, Avg Speed: 0.00 M/s, Max Resolution: None
Category: ☘️新疆频道, Name: 伊犁维吾尔, Total: 2, Valid: 2, Valid Percent: 100.00%, IPv4: 2, IPv6: 0, Min Delay: 2829 ms, Max Speed: 1.07 M/s, Avg Speed: 1.00 M/s, Max Resolution: 1920x1080
Category: ☘️甘肃频道, Name: 西峰综合, Total: 1, Valid: 1, Valid Percent: 100.00%, IPv4: 1, IPv6: 0, Min Delay: 2615 ms, Max Speed: 1.22 M/s, Avg Speed: 1.22 M/s, Max Resolution: 1280x720
Category: ☘️新疆频道, Name: 奎屯哈萨克语, Total: 2, Valid: 2, Valid Percent: 100.00%, IPv4: 2, IPv6: 0, Min Delay: 1853 ms, Max Speed: 0.07 M/s, Avg Speed: 0.07 M/s, Max Resolution: 1920x1080
Category: ☘️新疆频道, Name: 伊犁经济法制, Total: 2, Valid: 2, Valid Percent: 100.00%, IPv4: 2, IPv6: 0, Min Delay: 3377 ms, Max Speed: 0.96 M/s, Avg Speed: 0.88 M/s, Max Resolution: 1920x1080
Category: ☘️新疆频道, Name: 伊犁哈萨克, Total: 2, Valid: 2, Valid Percent: 100.00%, IPv4: 2, IPv6: 0, Min Delay: 2834 ms, Max Speed: 1.02 M/s, Avg Speed: 0.83 M/s, Max Resolution: 1920x1080
Category: ☘️新疆频道, Name: 玛纳斯综合, Total: 2, Valid: 2, Valid Percent: 100.00%, IPv4: 2, IPv6: 0, Min Delay: 2413 ms, Max Speed: 0.17 M/s, Avg Speed: 0.14 M/s, Max Resolution: 1920x1080
Category: ☘️新疆频道, Name: 石河子教育, Total: 1, Valid: 0, Valid Percent: 0.00%, IPv4: 1, IPv6: 0, Min Delay: 5054 ms, Max Speed: 0.00 M/s, Avg Speed: 0.00 M/s, Max Resolution: None
Category: ☘️新疆频道, Name: 石河子新闻综合, Total: 1, Valid: 0, Valid Percent: 0.00%, IPv4: 1, IPv6: 0, Min Delay: 5055 ms, Max Speed: 0.00 M/s, Avg Speed: 0.00 M/s, Max Resolution: None
Category: ☘️新疆频道, Name: 哈密一套, Total: 1, Valid: 1, Valid Percent: 100.00%, IPv4: 1, IPv6: 0, Min Delay: 653 ms, Max Speed: 0.15 M/s, Avg Speed: 0.15 M/s, Max Resolution: 1920x1080
Category: ☘️新疆频道, Name: 巴音郭楞州, Total: 1, Valid: 0, Valid Percent: 0.00%, IPv4: 1, IPv6: 0, Min Delay: 6141 ms, Max Speed: 0.00 M/s, Avg Speed: 0.00 M/s, Max Resolution: 1920x1080
Category: ☘️甘肃频道, Name: 酒泉综合, Total: 1, Valid: 0, Valid Percent: 0.00%, IPv4: 0, IPv6: 1, Min Delay: -1 ms, Max Speed: 0.00 M/s, Avg Speed: 0.00 M/s, Max Resolution: None
Category: ☘️新疆频道, Name: 可克达拉综合, Total: 1, Valid: 1, Valid Percent: 100.00%, IPv4: 1, IPv6: 0, Min Delay: 2002 ms, Max Speed: 0.12 M/s, Avg Speed: 0.12 M/s, Max Resolution: 1920x1080
Category: ☘️山东频道, Name: 山东新闻, Total: 7, Valid: 0, Valid Percent: 0.00%, IPv4: 0, IPv6: 7, Min Delay: 286 ms, Max Speed: 0.00 M/s, Avg Speed: 0.00 M/s, Max Resolution: None
Category: ☘️山东频道, Name: 山东少儿, Total: 10, Valid: 0, Valid Percent: 0.00%, IPv4: 2, IPv6: 8, Min Delay: 287 ms, Max Speed: 0.00 M/s, Avg Speed: 0.00 M/s, Max Resolution: None
Category: ☘️山东频道, Name: 山东教育, Total: 14, Valid: 1, Valid Percent: 7.14%, IPv4: 7, IPv6: 7, Min Delay: 2063 ms, Max Speed: 0.36 M/s, Avg Speed: 0.36 M/s, Max Resolution: 1280x720
Category: ☘️山东频道, Name: 济南综合, Total: 1, Valid: 0, Valid Percent: 0.00%, IPv4: 0, IPv6: 1, Min Delay: 282 ms, Max Speed: 0.00 M/s, Avg Speed: 0.00 M/s, Max Resolution: None
Category: ☘️山东频道, Name: 济南新闻综合, Total: 2, Valid: 0, Valid Percent: 0.00%, IPv4: 0, IPv6: 2, Min Delay: 288 ms, Max Speed: 0.00 M/s, Avg Speed: 0.00 M/s, Max Resolution: None
Category: ☘️山东频道, Name: 山东齐鲁, Total: 2, Valid: 1, Valid Percent: 50.00%, IPv4: 2, IPv6: 0, Min Delay: 10840 ms, Max Speed: 0.03 M/s, Avg Speed: 0.03 M/s, Max Resolution: None
Category: ☘️山东频道, Name: 山东农科, Total: 1, Valid: 0, Valid Percent: 0.00%, IPv4: 1, IPv6: 0, Min Delay: 10416 ms, Max Speed: 0.00 M/s, Avg Speed: 0.00 M/s, Max Resolution: None
Category: ☘️山东频道, Name: 济南教育, Total: 1, Valid: 0, Valid Percent: 0.00%, IPv4: 0, IPv6: 1, Min Delay: 443 ms, Max Speed: 0.00 M/s, Avg Speed: 0.00 M/s, Max Resolution: None
Category: ☘️山东频道, Name: 山东生活, Total: 2, Valid: 1, Valid Percent: 50.00%, IPv4: 1, IPv6: 1, Min Delay: 773 ms, Max Speed: 0.07 M/s, Avg Speed: 0.07 M/s, Max Resolution: None
Category: ☘️山东频道, Name: 潍坊新闻综合, Total: 2, Valid: 0, Valid Percent: 0.00%, IPv4: 0, IPv6: 2, Min Delay: 318 ms, Max Speed: 0.00 M/s, Avg Speed: 0.00 M/s, Max Resolution: None
Category: ☘️山东频道, Name: 山东体育, Total: 13, Valid: 1, Valid Percent: 7.69%, IPv4: 3, IPv6: 10, Min Delay: 284 ms, Max Speed: 0.04 M/s, Avg Speed: 0.04 M/s, Max Resolution: None
Category: ☘️山东频道, Name: 山东文旅, Total: 2, Valid: 1, Valid Percent: 50.00%, IPv4: 2, IPv6: 0, Min Delay: 10286 ms, Max Speed: 0.07 M/s, Avg Speed: 0.07 M/s, Max Resolution: None
Category: ☘️山西频道, Name: 万荣综合, Total: 1, Valid: 1, Valid Percent: 100.00%, IPv4: 1, IPv6: 0, Min Delay: 1816 ms, Max Speed: 0.17 M/s, Avg Speed: 0.17 M/s, Max Resolution: 720x404
Category: ☘️山东频道, Name: 山东综艺, Total: 1, Valid: 0, Valid Percent: 0.00%, IPv4: 1, IPv6: 0, Min Delay: 10127 ms, Max Speed: 0.00 M/s, Avg Speed: 0.00 M/s, Max Resolution: None
Category: ☘️山西频道, Name: 太谷新闻综合, Total: 3, Valid: 3, Valid Percent: 100.00%, IPv4: 3, IPv6: 0, Min Delay: 1045 ms, Max Speed: 1.14 M/s, Avg Speed: 0.65 M/s, Max Resolution: 1920x1080
Category: ☘️山西频道, Name: 山西文体生活, Total: 1, Valid: 0, Valid Percent: 0.00%, IPv4: 1, IPv6: 0, Min Delay: -1 ms, Max Speed: 0.00 M/s, Avg Speed: 0.00 M/s, Max Resolution: None
Category: ☘️山东频道, Name: 临沂公共, Total: 1, Valid: 0, Valid Percent: 0.00%, IPv4: 1, IPv6: 0, Min Delay: -1 ms, Max Speed: 0.00 M/s, Avg Speed: 0.00 M/s, Max Resolution: None
Category: ☘️山西频道, Name: 山西社会与法治, Total: 1, Valid: 0, Valid Percent: 0.00%, IPv4: 1, IPv6: 0, Min Delay: -1 ms, Max Speed: 0.00 M/s, Avg Speed: 0.00 M/s, Max Resolution: None
Category: ☘️山东频道, Name: 临沂农科, Total: 2, Valid: 0, Valid Percent: 0.00%, IPv4: 2, IPv6: 0, Min Delay: -1 ms, Max Speed: 0.00 M/s, Avg Speed: 0.00 M/s, Max Resolution: None
Category: ☘️山西频道, Name: 山西经济与科技, Total: 1, Valid: 0, Valid Percent: 0.00%, IPv4: 1, IPv6: 0, Min Delay: -1 ms, Max Speed: 0.00 M/s, Avg Speed: 0.00 M/s, Max Resolution: None
Category: ☘️山西频道, Name: 大宁综合, Total: 1, Valid: 1, Valid Percent: 100.00%, IPv4: 1, IPv6: 0, Min Delay: 10734 ms, Max Speed: 0.01 M/s, Avg Speed: 0.01 M/s, Max Resolution: None
Category: ☘️山东频道, Name: 烟台公共, Total: 1, Valid: 0, Valid Percent: 0.00%, IPv4: 1, IPv6: 0, Min Delay: -1 ms, Max Speed: 0.00 M/s, Avg Speed: 0.00 M/s, Max Resolution: None
Category: ☘️山东频道, Name: 烟台新闻综合, Total: 1, Valid: 0, Valid Percent: 0.00%, IPv4: 1, IPv6: 0, Min Delay: -1 ms, Max Speed: 0.00 M/s, Avg Speed: 0.00 M/s, Max Resolution: None
Category: ☘️山东频道, Name: 烟台经济科技, Total: 1, Valid: 0, Valid Percent: 0.00%, IPv4: 1, IPv6: 0, Min Delay: -1 ms, Max Speed: 0.00 M/s, Avg Speed: 0.00 M/s, Max Resolution: None
Category: ☘️山西频道, Name: 平遥新闻综合, Total: 1, Valid: 1, Valid Percent: 100.00%, IPv4: 1, IPv6: 0, Min Delay: 1291 ms, Max Speed: 0.16 M/s, Avg Speed: 0.16 M/s, Max Resolution: 1920x1080
Category: ☘️山西频道, Name: 武乡新闻综合, Total: 5, Valid: 2, Valid Percent: 40.00%, IPv4: 1, IPv6: 4, Min Delay: 289 ms, Max Speed: 0.13 M/s, Avg Speed: 0.13 M/s, Max Resolution: 1280x720
Category: ☘️山西频道, Name: 黄河电视台, Total: 1, Valid: 0, Valid Percent: 0.00%, IPv4: 1, IPv6: 0, Min Delay: -1 ms, Max Speed: 0.00 M/s, Avg Speed: 0.00 M/s, Max Resolution: None
Category: ☘️山西频道, Name: 汾西综合, Total: 1, Valid: 1, Valid Percent: 100.00%, IPv4: 1, IPv6: 0, Min Delay: 1579 ms, Max Speed: 0.33 M/s, Avg Speed: 0.33 M/s, Max Resolution: 1920x1080
Category: ☘️山西频道, Name: 祁县新闻综合, Total: 1, Valid: 1, Valid Percent: 100.00%, IPv4: 1, IPv6: 0, Min Delay: 1506 ms, Max Speed: 0.16 M/s, Avg Speed: 0.16 M/s, Max Resolution: 640x360
Category: ☘️山西频道, Name: 运城科技教育, Total: 2, Valid: 0, Valid Percent: 0.00%, IPv4: 0, IPv6: 2, Min Delay: 286 ms, Max Speed: 0.00 M/s, Avg Speed: 0.00 M/s, Max Resolution: None
Category: ☘️山西频道, Name: 山西影视, Total: 2, Valid: 0, Valid Percent: 0.00%, IPv4: 2, IPv6: 0, Min Delay: -1 ms, Max Speed: 0.00 M/s, Avg Speed: 0.00 M/s, Max Resolution: None
Category: ☘️山西频道, Name: 山西文体, Total: 1, Valid: 0, Valid Percent: 0.00%, IPv4: 1, IPv6: 0, Min Delay: -1 ms, Max Speed: 0.00 M/s, Avg Speed: 0.00 M/s, Max Resolution: None
Category: ☘️安徽频道, Name: 安徽国际, Total: 3, Valid: 0, Valid Percent: 0.00%, IPv4: 1, IPv6: 2, Min Delay: 378 ms, Max Speed: 0.00 M/s, Avg Speed: 0.00 M/s, Max Resolution: None
Category: ☘️山西频道, Name: 山西法治, Total: 1, Valid: 0, Valid Percent: 0.00%, IPv4: 1, IPv6: 0, Min Delay: -1 ms, Max Speed: 0.00 M/s, Avg Speed: 0.00 M/s, Max Resolution: None
Category: ☘️山西频道, Name: 长子综合, Total: 1, Valid: 1, Valid Percent: 100.00%, IPv4: 1, IPv6: 0, Min Delay: 4359 ms, Max Speed: 0.32 M/s, Avg Speed: 0.32 M/s, Max Resolution: 720x576
Category: ☘️山西频道, Name: 山西经济, Total: 1, Valid: 0, Valid Percent: 0.00%, IPv4: 1, IPv6: 0, Min Delay: -1 ms, Max Speed: 0.00 M/s, Avg Speed: 0.00 M/s, Max Resolution: None
Category: ☘️山西频道, Name: 黎城综合, Total: 2, Valid: 2, Valid Percent: 100.00%, IPv4: 2, IPv6: 0, Min Delay: 2774 ms, Max Speed: 0.86 M/s, Avg Speed: 0.60 M/s, Max Resolution: 1920x1080
Category: ☘️安徽频道, Name: 安徽影视, Total: 8, Valid: 2, Valid Percent: 25.00%, IPv4: 3, IPv6: 5, Min Delay: 279 ms, Max Speed: 0.12 M/s, Avg Speed: 0.09 M/s, Max Resolution: None
Category: ☘️安徽频道, Name: 安徽经济生活, Total: 2, Valid: 0, Valid Percent: 0.00%, IPv4: 1, IPv6: 1, Min Delay: 291 ms, Max Speed: 0.00 M/s, Avg Speed: 0.00 M/s, Max Resolution: None
Category: ☘️安徽频道, Name: 安徽综艺体育, Total: 7, Valid: 1, Valid Percent: 14.29%, IPv4: 2, IPv6: 5, Min Delay: 288 ms, Max Speed: 0.13 M/s, Avg Speed: 0.13 M/s, Max Resolution: 1920x1080
Category: ☘️安徽频道, Name: 合肥新闻, Total: 1, Valid: 1, Valid Percent: 100.00%, IPv4: 1, IPv6: 0, Min Delay: 10067 ms, Max Speed: 0.10 M/s, Avg Speed: 0.10 M/s, Max Resolution: 720x576
Category: ☘️安徽频道, Name: 铜陵新闻综合, Total: 1, Valid: 1, Valid Percent: 100.00%, IPv4: 0, IPv6: 1, Min Delay: 1379 ms, Max Speed: 0.06 M/s, Avg Speed: 0.06 M/s, Max Resolution: 0x0
Category: ☘️安徽频道, Name: 固镇新闻, Total: 1, Valid: 1, Valid Percent: 100.00%, IPv4: 1, IPv6: 0, Min Delay: 2947 ms, Max Speed: 0.16 M/s, Avg Speed: 0.16 M/s, Max Resolution: 1920x1080
Category: ☘️安徽频道, Name: 灵璧综合, Total: 1, Valid: 1, Valid Percent: 100.00%, IPv4: 1, IPv6: 0, Min Delay: 2769 ms, Max Speed: 0.24 M/s, Avg Speed: 0.24 M/s, Max Resolution: 640x480
Category: ☘️安徽频道, Name: 安徽导视, Total: 3, Valid: 1, Valid Percent: 33.33%, IPv4: 2, IPv6: 1, Min Delay: 10760 ms, Max Speed: 0.01 M/s, Avg Speed: 0.01 M/s, Max Resolution: None
Category: ☘️安徽频道, Name: 涡阳新闻综合, Total: 1, Valid: 1, Valid Percent: 100.00%, IPv4: 1, IPv6: 0, Min Delay: 1171 ms, Max Speed: 0.10 M/s, Avg Speed: 0.10 M/s, Max Resolution: 544x480
Category: ☘️安徽频道, Name: 黄山新闻综合, Total: 2, Valid: 2, Valid Percent: 100.00%, IPv4: 0, IPv6: 2, Min Delay: 10214 ms, Max Speed: 0.17 M/s, Avg Speed: 0.12 M/s, Max Resolution: None
Category: ☘️安徽频道, Name: 黄山公共生活, Total: 1, Valid: 1, Valid Percent: 100.00%, IPv4: 0, IPv6: 1, Min Delay: 10074 ms, Max Speed: 0.08 M/s, Avg Speed: 0.08 M/s, Max Resolution: None
Category: ☘️安徽频道, Name: 六安新闻综合, Total: 1, Valid: 1, Valid Percent: 100.00%, IPv4: 0, IPv6: 1, Min Delay: 656 ms, Max Speed: 0.08 M/s, Avg Speed: 0.08 M/s, Max Resolution: None
Category: ☘️安徽频道, Name: 六安公共, Total: 1, Valid: 1, Valid Percent: 100.00%, IPv4: 0, IPv6: 1, Min Delay: 687 ms, Max Speed: 0.09 M/s, Avg Speed: 0.09 M/s, Max Resolution: None
Category: ☘️安徽频道, Name: 亳州新闻, Total: 1, Valid: 1, Valid Percent: 100.00%, IPv4: 0, IPv6: 1, Min Delay: 402 ms, Max Speed: 1.52 M/s, Avg Speed: 1.52 M/s, Max Resolution: 1920x1080
Category: ☘️宁夏频道, Name: 宁夏公共, Total: 1, Valid: 0, Valid Percent: 0.00%, IPv4: 1, IPv6: 0, Min Delay: -1 ms, Max Speed: 0.00 M/s, Avg Speed: 0.00 M/s, Max Resolution: None
Category: ☘️安徽频道, Name: 滁州科教, Total: 2, Valid: 0, Valid Percent: 0.00%, IPv4: 2, IPv6: 0, Min Delay: -1 ms, Max Speed: 0.00 M/s, Avg Speed: 0.00 M/s, Max Resolution: None
Category: ☘️安徽频道, Name: 滁州市广播电视台 新闻综合, Total: 1, Valid: 0, Valid Percent: 0.00%, IPv4: 1, IPv6: 0, Min Delay: -1 ms, Max Speed: 0.00 M/s, Avg Speed: 0.00 M/s, Max Resolution: None
Category: ☘️安徽频道, Name: 滁州新闻综合, Total: 1, Valid: 0, Valid Percent: 0.00%, IPv4: 1, IPv6: 0, Min Delay: -1 ms, Max Speed: 0.00 M/s, Avg Speed: 0.00 M/s, Max Resolution: None
Category: ☘️安徽频道, Name: 亳州农村, Total: 2, Valid: 2, Valid Percent: 100.00%, IPv4: 0, IPv6: 2, Min Delay: 455 ms, Max Speed: 1.44 M/s, Avg Speed: 1.44 M/s, Max Resolution: 1920x1080
Category: ☘️宁夏频道, Name: 宁夏经济, Total: 2, Valid: 0, Valid Percent: 0.00%, IPv4: 1, IPv6: 1, Min Delay: -1 ms, Max Speed: 0.00 M/s, Avg Speed: 0.00 M/s, Max Resolution: None
Category: ☘️安徽频道, Name: 滁州市广播电视台 公共, Total: 1, Valid: 0, Valid Percent: 0.00%, IPv4: 1, IPv6: 0, Min Delay: -1 ms, Max Speed: 0.00 M/s, Avg Speed: 0.00 M/s, Max Resolution: None
Category: ☘️宁夏频道, Name: 宁夏少儿, Total: 2, Valid: 0, Valid Percent: 0.00%, IPv4: 2, IPv6: 0, Min Delay: -1 ms, Max Speed: 0.00 M/s, Avg Speed: 0.00 M/s, Max Resolution: None
Category: ☘️安徽频道, Name: 滁州公共, Total: 1, Valid: 0, Valid Percent: 0.00%, IPv4: 1, IPv6: 0, Min Delay: -1 ms, Max Speed: 0.00 M/s, Avg Speed: 0.00 M/s, Max Resolution: None
Category: ☘️宁夏频道, Name: 吴忠综合, Total: 2, Valid: 2, Valid Percent: 100.00%, IPv4: 2, IPv6: 0, Min Delay: 1052 ms, Max Speed: 0.08 M/s, Avg Speed: 0.08 M/s, Max Resolution: 320x240
Category: ☘️宁夏频道, Name: 吴忠公共, Total: 2, Valid: 2, Valid Percent: 100.00%, IPv4: 2, IPv6: 0, Min Delay: 1082 ms, Max Speed: 0.08 M/s, Avg Speed: 0.07 M/s, Max Resolution: 320x240
Category: ☘️安徽频道, Name: 宿州新闻综合, Total: 4, Valid: 1, Valid Percent: 25.00%, IPv4: 0, IPv6: 4, Min Delay: 286 ms, Max Speed: 0.01 M/s, Avg Speed: 0.01 M/s, Max Resolution: None
Category: ☘️吉林频道, Name: 吉林乡村, Total: 1, Valid: 1, Valid Percent: 100.00%, IPv4: 1, IPv6: 0, Min Delay: 187 ms, Max Speed: 0.59 M/s, Avg Speed: 0.59 M/s, Max Resolution: None
Category: ☘️吉林频道, Name: 德惠综合, Total: 2, Valid: 2, Valid Percent: 100.00%, IPv4: 2, IPv6: 0, Min Delay: 778 ms, Max Speed: 0.12 M/s, Avg Speed: 0.11 M/s, Max Resolution: 720x576
Category: ☘️吉林频道, Name: 九台综合, Total: 3, Valid: 3, Valid Percent: 100.00%, IPv4: 3, IPv6: 0, Min Delay: 1327 ms, Max Speed: 0.40 M/s, Avg Speed: 0.37 M/s, Max Resolution: 720x576
Category: ☘️吉林频道, Name: 靖宇综合, Total: 1, Valid: 1, Valid Percent: 100.00%, IPv4: 1, IPv6: 0, Min Delay: 538 ms, Max Speed: 0.07 M/s, Avg Speed: 0.07 M/s, Max Resolution: None
Category: ☘️吉林频道, Name: 敦化一套, Total: 2, Valid: 2, Valid Percent: 100.00%, IPv4: 2, IPv6: 0, Min Delay: 752 ms, Max Speed: 0.15 M/s, Avg Speed: 0.14 M/s, Max Resolution: 720x576
Category: ☘️吉林频道, Name: 延边卫视, Total: 34, Valid: 5, Valid Percent: 14.71%, IPv4: 24, IPv6: 10, Min Delay: 284 ms, Max Speed: 4.58 M/s, Avg Speed: 1.16 M/s, Max Resolution: 1920x1080
Category: ☘️吉林频道, Name: 珲春新闻综合, Total: 1, Valid: 0, Valid Percent: 0.00%, IPv4: 0, IPv6: 1, Min Delay: 309 ms, Max Speed: 0.00 M/s, Avg Speed: 0.00 M/s, Max Resolution: None
Category: ☘️吉林频道, Name: 磐石综合, Total: 1, Valid: 1, Valid Percent: 100.00%, IPv4: 1, IPv6: 0, Min Delay: 560 ms, Max Speed: 0.06 M/s, Avg Speed: 0.06 M/s, Max Resolution: None
Category: ☘️吉林频道, Name: 龙井综合, Total: 1, Valid: 1, Valid Percent: 100.00%, IPv4: 1, IPv6: 0, Min Delay: 574 ms, Max Speed: 0.06 M/s, Avg Speed: 0.06 M/s, Max Resolution: None
Category: ☘️吉林频道, Name: 桦甸综合, Total: 1, Valid: 1, Valid Percent: 100.00%, IPv4: 1, IPv6: 0, Min Delay: 555 ms, Max Speed: 0.06 M/s, Avg Speed: 0.06 M/s, Max Resolution: None
Category: ☘️吉林频道, Name: 梅河口综合, Total: 1, Valid: 1, Valid Percent: 100.00%, IPv4: 1, IPv6: 0, Min Delay: 574 ms, Max Speed: 0.07 M/s, Avg Speed: 0.07 M/s, Max Resolution: None
Category: ☘️吉林频道, Name: 舒兰新闻综合, Total: 2, Valid: 2, Valid Percent: 100.00%, IPv4: 2, IPv6: 0, Min Delay: 706 ms, Max Speed: 0.12 M/s, Avg Speed: 0.11 M/s, Max Resolution: 320x240
Category: ☘️吉林频道, Name: 长白朝语, Total: 1, Valid: 1, Valid Percent: 100.00%, IPv4: 0, IPv6: 1, Min Delay: 1217 ms, Max Speed: 0.21 M/s, Avg Speed: 0.21 M/s, Max Resolution: 720x576
Category: ☘️吉林频道, Name: 双辽综合, Total: 1, Valid: 1, Valid Percent: 100.00%, IPv4: 1, IPv6: 0, Min Delay: 573 ms, Max Speed: 0.06 M/s, Avg Speed: 0.06 M/s, Max Resolution: None
Category: ☘️吉林频道, Name: 东丰综合, Total: 1, Valid: 1, Valid Percent: 100.00%, IPv4: 1, IPv6: 0, Min Delay: 587 ms, Max Speed: 0.06 M/s, Avg Speed: 0.06 M/s, Max Resolution: None
Category: ☘️吉林频道, Name: 柳河综合, Total: 1, Valid: 1, Valid Percent: 100.00%, IPv4: 1, IPv6: 0, Min Delay: 569 ms, Max Speed: 0.06 M/s, Avg Speed: 0.06 M/s, Max Resolution: None
Category: ☘️吉林频道, Name: 汪清综合, Total: 3, Valid: 3, Valid Percent: 100.00%, IPv4: 3, IPv6: 0, Min Delay: 748 ms, Max Speed: 0.12 M/s, Avg Speed: 0.11 M/s, Max Resolution: 320x240
Category: ☘️吉林频道, Name: 通化县综合, Total: 1, Valid: 1, Valid Percent: 100.00%, IPv4: 1, IPv6: 0, Min Delay: 589 ms, Max Speed: 0.05 M/s, Avg Speed: 0.05 M/s, Max Resolution: None
Category: ☘️吉林频道, Name: 辉南新闻综合, Total: 3, Valid: 3, Valid Percent: 100.00%, IPv4: 3, IPv6: 0, Min Delay: 1498 ms, Max Speed: 0.62 M/s, Avg Speed: 0.56 M/s, Max Resolution: 720x576
Category: ☘️内蒙古频道, Name: 内蒙经济, Total: 1, Valid: 0, Valid Percent: 0.00%, IPv4: 1, IPv6: 0, Min Delay: -1 ms, Max Speed: 0.00 M/s, Avg Speed: 0.00 M/s, Max Resolution: None
Category: ☘️内蒙古频道, Name: 内蒙新闻, Total: 1, Valid: 0, Valid Percent: 0.00%, IPv4: 1, IPv6: 0, Min Delay: -1 ms, Max Speed: 0.00 M/s, Avg Speed: 0.00 M/s, Max Resolution: None
Category: ☘️内蒙古频道, Name: 内蒙农牧, Total: 1, Valid: 0, Valid Percent: 0.00%, IPv4: 1, IPv6: 0, Min Delay: -1 ms, Max Speed: 0.00 M/s, Avg Speed: 0.00 M/s, Max Resolution: None
Category: ☘️内蒙古频道, Name: 内蒙文体, Total: 1, Valid: 0, Valid Percent: 0.00%, IPv4: 1, IPv6: 0, Min Delay: -1 ms, Max Speed: 0.00 M/s, Avg Speed: 0.00 M/s, Max Resolution: None
Category: ☘️内蒙古频道, Name: 内蒙少儿, Total: 1, Valid: 0, Valid Percent: 0.00%, IPv4: 1, IPv6: 0, Min Delay: -1 ms, Max Speed: 0.00 M/s, Avg Speed: 0.00 M/s, Max Resolution: None
Category: ☘️内蒙古频道, Name: 蒙语文化, Total: 1, Valid: 0, Valid Percent: 0.00%, IPv4: 1, IPv6: 0, Min Delay: -1 ms, Max Speed: 0.00 M/s, Avg Speed: 0.00 M/s, Max Resolution: None
Category: ☘️云南频道, Name: 屏边综合, Total: 1, Valid: 0, Valid Percent: 0.00%, IPv4: 1, IPv6: 0, Min Delay: -1 ms, Max Speed: 0.00 M/s, Avg Speed: 0.00 M/s, Max Resolution: None
Category: ☘️云南频道, Name: 峨山电视, Total: 1, Valid: 0, Valid Percent: 0.00%, IPv4: 1, IPv6: 0, Min Delay: -1 ms, Max Speed: 0.00 M/s, Avg Speed: 0.00 M/s, Max Resolution: None
Category: ☘️内蒙古频道, Name: 内蒙古少儿, Total: 1, Valid: 0, Valid Percent: 0.00%, IPv4: 1, IPv6: 0, Min Delay: -1 ms, Max Speed: 0.00 M/s, Avg Speed: 0.00 M/s, Max Resolution: None
Category: ☘️内蒙古频道, Name: 内蒙古文体娱乐, Total: 1, Valid: 0, Valid Percent: 0.00%, IPv4: 1, IPv6: 0, Min Delay: -1 ms, Max Speed: 0.00 M/s, Avg Speed: 0.00 M/s, Max Resolution: None
Category: ☘️云南频道, Name: 开远综合, Total: 2, Valid: 1, Valid Percent: 50.00%, IPv4: 2, IPv6: 0, Min Delay: 999 ms, Max Speed: 0.02 M/s, Avg Speed: 0.02 M/s, Max Resolution: None
Category: ☘️云南频道, Name: 施甸综合, Total: 2, Valid: 0, Valid Percent: 0.00%, IPv4: 2, IPv6: 0, Min Delay: -1 ms, Max Speed: 0.00 M/s, Avg Speed: 0.00 M/s, Max Resolution: None
Category: ☘️云南频道, Name: 梁河综合, Total: 1, Valid: 0, Valid Percent: 0.00%, IPv4: 1, IPv6: 0, Min Delay: -1 ms, Max Speed: 0.00 M/s, Avg Speed: 0.00 M/s, Max Resolution: None
Category: ☘️内蒙古频道, Name: 内蒙古蒙语文化, Total: 1, Valid: 0, Valid Percent: 0.00%, IPv4: 1, IPv6: 0, Min Delay: -1 ms, Max Speed: 0.00 M/s, Avg Speed: 0.00 M/s, Max Resolution: None
Category: ☘️云南频道, Name: 江川综合, Total: 1, Valid: 0, Valid Percent: 0.00%, IPv4: 1, IPv6: 0, Min Delay: -1 ms, Max Speed: 0.00 M/s, Avg Speed: 0.00 M/s, Max Resolution: None
Category: ☘️云南频道, Name: 瑞丽综合, Total: 1, Valid: 0, Valid Percent: 0.00%, IPv4: 1, IPv6: 0, Min Delay: -1 ms, Max Speed: 0.00 M/s, Avg Speed: 0.00 M/s, Max Resolution: None
Category: ☘️云南频道, Name: 盈江综合, Total: 2, Valid: 0, Valid Percent: 0.00%, IPv4: 2, IPv6: 0, Min Delay: -1 ms, Max Speed: 0.00 M/s, Avg Speed: 0.00 M/s, Max Resolution: None
Category: ☘️内蒙古频道, Name: 内蒙古经济生活, Total: 2, Valid: 1, Valid Percent: 50.00%, IPv4: 1, IPv6: 1, Min Delay: 1649 ms, Max Speed: 0.05 M/s, Avg Speed: 0.05 M/s, Max Resolution: 0x0
Category: ☘️云南频道, Name: 石屏综合, Total: 2, Valid: 0, Valid Percent: 0.00%, IPv4: 2, IPv6: 0, Min Delay: -1 ms, Max Speed: 0.00 M/s, Avg Speed: 0.00 M/s, Max Resolution: None
Category: ☘️云南频道, Name: 芒市综合, Total: 1, Valid: 0, Valid Percent: 0.00%, IPv4: 1, IPv6: 0, Min Delay: -1 ms, Max Speed: 0.00 M/s, Avg Speed: 0.00 M/s, Max Resolution: None
Category: ☘️云南频道, Name: 腾冲综合, Total: 2, Valid: 0, Valid Percent: 0.00%, IPv4: 2, IPv6: 0, Min Delay: -1 ms, Max Speed: 0.00 M/s, Avg Speed: 0.00 M/s, Max Resolution: None
Category: ☘️云南频道, Name: 蒙自综合, Total: 1, Valid: 0, Valid Percent: 0.00%, IPv4: 1, IPv6: 0, Min Delay: -1 ms, Max Speed: 0.00 M/s, Avg Speed: 0.00 M/s, Max Resolution: None
Category: ☘️云南频道, Name: 金平综合, Total: 2, Valid: 0, Valid Percent: 0.00%, IPv4: 2, IPv6: 0, Min Delay: -1 ms, Max Speed: 0.00 M/s, Avg Speed: 0.00 M/s, Max Resolution: None
Category: ☘️云南频道, Name: 文山州新闻综合, Total: 1, Valid: 1, Valid Percent: 100.00%, IPv4: 0, IPv6: 1, Min Delay: 1912 ms, Max Speed: 0.10 M/s, Avg Speed: 0.10 M/s, Max Resolution: 1920x1080
Category: ☘️云南频道, Name: 文山州公共, Total: 2, Valid: 2, Valid Percent: 100.00%, IPv4: 0, IPv6: 2, Min Delay: 2257 ms, Max Speed: 0.19 M/s, Avg Speed: 0.19 M/s, Max Resolution: 1920x1080
Category: ☘️云南频道, Name: 易门综合, Total: 1, Valid: 1, Valid Percent: 100.00%, IPv4: 1, IPv6: 0, Min Delay: 1364 ms, Max Speed: 0.21 M/s, Avg Speed: 0.21 M/s, Max Resolution: 1920x1080
Category: ☘️云南频道, Name: 陇川综合, Total: 2, Valid: 1, Valid Percent: 50.00%, IPv4: 2, IPv6: 0, Min Delay: 1948 ms, Max Speed: 0.45 M/s, Avg Speed: 0.45 M/s, Max Resolution: 1920x1080
Category: ☘️云南频道, Name: 云南都市, Total: 2, Valid: 1, Valid Percent: 50.00%, IPv4: 2, IPv6: 0, Min Delay: 1681 ms, Max Speed: 0.33 M/s, Avg Speed: 0.33 M/s, Max Resolution: 1280x720
Category: ☘️云南频道, Name: 云南娱乐, Total: 2, Valid: 1, Valid Percent: 50.00%, IPv4: 2, IPv6: 0, Min Delay: 1638 ms, Max Speed: 0.28 M/s, Avg Speed: 0.28 M/s, Max Resolution: 1280x720
Category: ☘️青海频道, Name: 安多卫视, Total: 24, Valid: 2, Valid Percent: 8.33%, IPv4: 18, IPv6: 6, Min Delay: 1025 ms, Max Speed: 0.29 M/s, Avg Speed: 0.21 M/s, Max Resolution: 1920x1080
Category: ☘️青海频道, Name: 青海经视, Total: 1, Valid: 0, Valid Percent: 0.00%, IPv4: 1, IPv6: 0, Min Delay: -1 ms, Max Speed: 0.00 M/s, Avg Speed: 0.00 M/s, Max Resolution: None
Category: ☘️青海频道, Name: 青海都市, Total: 3, Valid: 0, Valid Percent: 0.00%, IPv4: 1, IPv6: 2, Min Delay: -1 ms, Max Speed: 0.00 M/s, Avg Speed: 0.00 M/s, Max Resolution: None
Category: ☘️青海频道, Name: 青海综合, Total: 1, Valid: 0, Valid Percent: 0.00%, IPv4: 1, IPv6: 0, Min Delay: -1 ms, Max Speed: 0.00 M/s, Avg Speed: 0.00 M/s, Max Resolution: None
Category: ☘️黑龙江频道, Name: 黑龙江文体, Total: 5, Valid: 0, Valid Percent: 0.00%, IPv4: 0, IPv6: 5, Min Delay: 289 ms, Max Speed: 0.00 M/s, Avg Speed: 0.00 M/s, Max Resolution: None
Category: ☘️青海频道, Name: 西宁生活服务, Total: 4, Valid: 1, Valid Percent: 25.00%, IPv4: 0, IPv6: 4, Min Delay: 287 ms, Max Speed: 0.11 M/s, Avg Speed: 0.11 M/s, Max Resolution: 1920x1080
Category: ☘️青海频道, Name: 西宁新闻综合, Total: 11, Valid: 6, Valid Percent: 54.55%, IPv4: 3, IPv6: 8, Min Delay: 4069 ms, Max Speed: 0.16 M/s, Avg Speed: 0.14 M/s, Max Resolution: 1920x1080
Category: ☘️青海频道, Name: 门源综合, Total: 1, Valid: 0, Valid Percent: 0.00%, IPv4: 1, IPv6: 0, Min Delay: -1 ms, Max Speed: 0.00 M/s, Avg Speed: 0.00 M/s, Max Resolution: None
Category: ☘️青海频道, Name: 化隆综合, Total: 1, Valid: 0, Valid Percent: 0.00%, IPv4: 1, IPv6: 0, Min Delay: -1 ms, Max Speed: 0.00 M/s, Avg Speed: 0.00 M/s, Max Resolution: None
Category: ☘️青海频道, Name: 贵南综合, Total: 1, Valid: 0, Valid Percent: 0.00%, IPv4: 1, IPv6: 0, Min Delay: -1 ms, Max Speed: 0.00 M/s, Avg Speed: 0.00 M/s, Max Resolution: None
Category: ☘️青海频道, Name: 民和综合, Total: 1, Valid: 0, Valid Percent: 0.00%, IPv4: 1, IPv6: 0, Min Delay: -1 ms, Max Speed: 0.00 M/s, Avg Speed: 0.00 M/s, Max Resolution: None
Category: ☘️青海频道, Name: 兴海综合, Total: 1, Valid: 0, Valid Percent: 0.00%, IPv4: 1, IPv6: 0, Min Delay: -1 ms, Max Speed: 0.00 M/s, Avg Speed: 0.00 M/s, Max Resolution: None
Category: ☘️黑龙江频道, Name: 黑龙江影视, Total: 4, Valid: 0, Valid Percent: 0.00%, IPv4: 0, IPv6: 4, Min Delay: 288 ms, Max Speed: 0.00 M/s, Avg Speed: 0.00 M/s, Max Resolution: None
Category: ☘️黑龙江频道, Name: 黑龙江新闻法治, Total: 5, Valid: 1, Valid Percent: 20.00%, IPv4: 0, IPv6: 5, Min Delay: 288 ms, Max Speed: 0.00 M/s, Avg Speed: 0.00 M/s, Max Resolution: None
Category: ☘️黑龙江频道, Name: 黑龙江都市, Total: 7, Valid: 1, Valid Percent: 14.29%, IPv4: 0, IPv6: 7, Min Delay: 289 ms, Max Speed: 0.00 M/s, Avg Speed: 0.00 M/s, Max Resolution: None
Category: ☘️黑龙江频道, Name: 哈尔滨资讯, Total: 1, Valid: 1, Valid Percent: 100.00%, IPv4: 1, IPv6: 0, Min Delay: 770 ms, Max Speed: 0.03 M/s, Avg Speed: 0.03 M/s, Max Resolution: 640x480
Category: ☘️黑龙江频道, Name: 哈尔滨新闻综合, Total: 4, Valid: 3, Valid Percent: 75.00%, IPv4: 3, IPv6: 1, Min Delay: 296 ms, Max Speed: 0.15 M/s, Avg Speed: 0.08 M/s, Max Resolution: 640x480
Category: ☘️黑龙江频道, Name: 哈尔滨影视, Total: 5, Valid: 4, Valid Percent: 80.00%, IPv4: 5, IPv6: 0, Min Delay: 279 ms, Max Speed: 0.21 M/s, Avg Speed: 0.11 M/s, Max Resolution: 640x480
Category: ☘️黑龙江频道, Name: 鹤岗新闻综合, Total: 3, Valid: 0, Valid Percent: 0.00%, IPv4: 0, IPv6: 3, Min Delay: -1 ms, Max Speed: 0.00 M/s, Avg Speed: 0.00 M/s, Max Resolution: None
Category: ☘️黑龙江频道, Name: 黑龙江少儿, Total: 5, Valid: 1, Valid Percent: 20.00%, IPv4: 1, IPv6: 4, Min Delay: 287 ms, Max Speed: 0.06 M/s, Avg Speed: 0.06 M/s, Max Resolution: 0x0
Category: ☘️黑龙江频道, Name: 黑龙江新闻, Total: 3, Valid: 1, Valid Percent: 33.33%, IPv4: 0, IPv6: 3, Min Delay: 334 ms, Max Speed: 0.05 M/s, Avg Speed: 0.05 M/s, Max Resolution: 0x0
Category: ☘️黑龙江频道, Name: 哈尔滨娱乐, Total: 3, Valid: 3, Valid Percent: 100.00%, IPv4: 3, IPv6: 0, Min Delay: 1182 ms, Max Speed: 0.03 M/s, Avg Speed: 0.03 M/s, Max Resolution: 640x480
Category: ☘️黑龙江频道, Name: 大庆新闻综合, Total: 1, Valid: 0, Valid Percent: 0.00%, IPv4: 0, IPv6: 1, Min Delay: 444 ms, Max Speed: 0.00 M/s, Avg Speed: 0.00 M/s, Max Resolution: None
Category: ☘️黑龙江频道, Name: 哈尔滨生活, Total: 5, Valid: 4, Valid Percent: 80.00%, IPv4: 5, IPv6: 0, Min Delay: 304 ms, Max Speed: 0.17 M/s, Avg Speed: 0.13 M/s, Max Resolution: 640x480
Category: ☘️黑龙江频道, Name: 七台河新闻综合, Total: 1, Valid: 1, Valid Percent: 100.00%, IPv4: 1, IPv6: 0, Min Delay: 2336 ms, Max Speed: 0.41 M/s, Avg Speed: 0.41 M/s, Max Resolution: 1280x720
Category: ☘️黑龙江频道, Name: 哈尔滨都市资讯, Total: 1, Valid: 1, Valid Percent: 100.00%, IPv4: 1, IPv6: 0, Min Delay: 1239 ms, Max Speed: 0.02 M/s, Avg Speed: 0.02 M/s, Max Resolution: 640x480
Category: ☘️黑龙江频道, Name: 双鸭山综合, Total: 2, Valid: 1, Valid Percent: 50.00%, IPv4: 2, IPv6: 0, Min Delay: 2372 ms, Max Speed: 0.37 M/s, Avg Speed: 0.37 M/s, Max Resolution: 1280x720
Category: ☘️黑龙江频道, Name: 齐齐哈尔新闻综合, Total: 3, Valid: 0, Valid Percent: 0.00%, IPv4: 0, IPv6: 3, Min Delay: 412 ms, Max Speed: 0.00 M/s, Avg Speed: 0.00 M/s, Max Resolution: None
Category: ☘️黑龙江频道, Name: 七台河民生社教, Total: 1, Valid: 0, Valid Percent: 0.00%, IPv4: 1, IPv6: 0, Min Delay: -1 ms, Max Speed: 0.00 M/s, Avg Speed: 0.00 M/s, Max Resolution: None
Category: 🌊港·澳·台, Name: 翡翠台, Total: 84, Valid: 33, Valid Percent: 39.29%, IPv4: 31, IPv6: 53, Min Delay: 61 ms, Max Speed: 65.39 M/s, Avg Speed: 21.22 M/s, Max Resolution: 3840x2160
Category: 🌊港·澳·台, Name: 明珠台, Total: 17, Valid: 6, Valid Percent: 35.29%, IPv4: 3, IPv6: 14, Min Delay: 162 ms, Max Speed: 15.20 M/s, Avg Speed: 6.40 M/s, Max Resolution: 1920x1080
Category: 🌊港·澳·台, Name: 凤凰中文, Total: 93, Valid: 19, Valid Percent: 20.43%, IPv4: 50, IPv6: 43, Min Delay: 61 ms, Max Speed: 25.98 M/s, Avg Speed: 6.00 M/s, Max Resolution: 1920x1080
Category: 🌊港·澳·台, Name: 凤凰资讯, Total: 100, Valid: 13, Valid Percent: 13.00%, IPv4: 54, IPv6: 46, Min Delay: 134 ms, Max Speed: 30.78 M/s, Avg Speed: 10.75 M/s, Max Resolution: 1280x720
Category: 🌊港·澳·台, Name: 凤凰香港, Total: 49, Valid: 11, Valid Percent: 22.45%, IPv4: 26, IPv6: 23, Min Delay: 65 ms, Max Speed: 26.04 M/s, Avg Speed: 11.19 M/s, Max Resolution: 1920x1080
Category: 🌊港·澳·台, Name: 凤凰卫视, Total: 8, Valid: 2, Valid Percent: 25.00%, IPv4: 5, IPv6: 3, Min Delay: 345 ms, Max Speed: 1.26 M/s, Avg Speed: 0.89 M/s, Max Resolution: 1280x720
Category: 🌊港·澳·台, Name: J2, Total: 2, Valid: 0, Valid Percent: 0.00%, IPv4: 2, IPv6: 0, Min Delay: -1 ms, Max Speed: 0.00 M/s, Avg Speed: 0.00 M/s, Max Resolution: None
Category: 🌊港·澳·台, Name: TVBS亚洲, Total: 11, Valid: 9, Valid Percent: 81.82%, IPv4: 10, IPv6: 1, Min Delay: 187 ms, Max Speed: 12.90 M/s, Avg Speed: 2.02 M/s, Max Resolution: 1920x1080
Category: 🌊港·澳·台, Name: 三立台湾, Total: 6, Valid: 1, Valid Percent: 16.67%, IPv4: 4, IPv6: 2, Min Delay: 63 ms, Max Speed: 4.88 M/s, Avg Speed: 4.88 M/s, Max Resolution: 1920x1080
Category: 🌊港·澳·台, Name: 纬来体育, Total: 18, Valid: 3, Valid Percent: 16.67%, IPv4: 14, IPv6: 4, Min Delay: 65 ms, Max Speed: 4.75 M/s, Avg Speed: 2.90 M/s, Max Resolution: 1920x1080
Category: 🌊港·澳·台, Name: 纬来育乐, Total: 16, Valid: 1, Valid Percent: 6.25%, IPv4: 12, IPv6: 4, Min Delay: 63 ms, Max Speed: 4.92 M/s, Avg Speed: 4.92 M/s, Max Resolution: 1920x1080
Category: 🌊港·澳·台, Name: Viutv, Total: 5, Valid: 2, Valid Percent: 40.00%, IPv4: 4, IPv6: 1, Min Delay: 59 ms, Max Speed: 5.17 M/s, Avg Speed: 3.11 M/s, Max Resolution: 1920x1080
Category: 🌊港·澳·台, Name: 三立新闻, Total: 14, Valid: 2, Valid Percent: 14.29%, IPv4: 7, IPv6: 7, Min Delay: 79 ms, Max Speed: 3.89 M/s, Avg Speed: 2.45 M/s, Max Resolution: 1920x1080
Category: 🌊港·澳·台, Name: 东森综合, Total: 12, Valid: 2, Valid Percent: 16.67%, IPv4: 11, IPv6: 1, Min Delay: 74 ms, Max Speed: 4.14 M/s, Avg Speed: 2.74 M/s, Max Resolution: 1920x1080
Category: 🌊港·澳·台, Name: Now华剧, Total: 2, Valid: 0, Valid Percent: 0.00%, IPv4: 2, IPv6: 0, Min Delay: -1 ms, Max Speed: 0.00 M/s, Avg Speed: 0.00 M/s, Max Resolution: None
Category: 🌊港·澳·台, Name: 东森超视, Total: 23, Valid: 4, Valid Percent: 17.39%, IPv4: 12, IPv6: 11, Min Delay: 79 ms, Max Speed: 3.88 M/s, Avg Speed: 1.79 M/s, Max Resolution: 1920x1080
Category: 🌊港·澳·台, Name: 东森电影, Total: 22, Valid: 1, Valid Percent: 4.55%, IPv4: 12, IPv6: 10, Min Delay: 232 ms, Max Speed: 1.50 M/s, Avg Speed: 1.50 M/s, Max Resolution: 1920x1080
Category: 🌊港·澳·台, Name: Now剧集, Total: 3, Valid: 0, Valid Percent: 0.00%, IPv4: 3, IPv6: 0, Min Delay: 382 ms, Max Speed: 0.00 M/s, Avg Speed: 0.00 M/s, Max Resolution: None
Category: 🌊港·澳·台, Name: 星卫娱乐, Total: 2, Valid: 1, Valid Percent: 50.00%, IPv4: 2, IPv6: 0, Min Delay: 10487 ms, Max Speed: 0.05 M/s, Avg Speed: 0.05 M/s, Max Resolution: None
Category: 🌊港·澳·台, Name: 靖天资讯, Total: 20, Valid: 1, Valid Percent: 5.00%, IPv4: 15, IPv6: 5, Min Delay: 6 ms, Max Speed: 5.17 M/s, Avg Speed: 5.17 M/s, Max Resolution: 1920x1080
Category: 🎬电影频道, Name: CHC家庭影院, Total: 62, Valid: 15, Valid Percent: 24.19%, IPv4: 23, IPv6: 39, Min Delay: 78 ms, Max Speed: 13.57 M/s, Avg Speed: 5.76 M/s, Max Resolution: 1920x1080
Category: 🎬电影频道, Name: 淘剧场, Total: 4, Valid: 0, Valid Percent: 0.00%, IPv4: 1, IPv6: 3, Min Delay: -1 ms, Max Speed: 0.00 M/s, Avg Speed: 0.00 M/s, Max Resolution: None
Category: 🎬电影频道, Name: 淘娱乐, Total: 4, Valid: 0, Valid Percent: 0.00%, IPv4: 1, IPv6: 3, Min Delay: -1 ms, Max Speed: 0.00 M/s, Avg Speed: 0.00 M/s, Max Resolution: None
Category: 🎬电影频道, Name: 淘电影, Total: 8, Valid: 0, Valid Percent: 0.00%, IPv4: 0, IPv6: 8, Min Delay: 285 ms, Max Speed: 0.00 M/s, Avg Speed: 0.00 M/s, Max Resolution: None
Category: 🎬电影频道, Name: CHC动作电影, Total: 73, Valid: 11, Valid Percent: 15.07%, IPv4: 27, IPv6: 46, Min Delay: 77 ms, Max Speed: 13.57 M/s, Avg Speed: 4.75 M/s, Max Resolution: 1920x1080
Category: 🎬电影频道, Name: CHC高清电影, Total: 4, Valid: 0, Valid Percent: 0.00%, IPv4: 4, IPv6: 0, Min Delay: -1 ms, Max Speed: 0.00 M/s, Avg Speed: 0.00 M/s, Max Resolution: None
Category: 🎬电影频道, Name: NewTV惊悚悬疑, Total: 11, Valid: 1, Valid Percent: 9.09%, IPv4: 3, IPv6: 8, Min Delay: 140 ms, Max Speed: 6.91 M/s, Avg Speed: 6.91 M/s, Max Resolution: 1920x1080
Category: 🎬电影频道, Name: NewTV动作电影, Total: 4, Valid: 1, Valid Percent: 25.00%, IPv4: 2, IPv6: 2, Min Delay: 138 ms, Max Speed: 6.92 M/s, Avg Speed: 6.92 M/s, Max Resolution: 1920x1080
Category: 🎬电影频道, Name: 靖天映画, Total: 25, Valid: 1, Valid Percent: 4.00%, IPv4: 19, IPv6: 6, Min Delay: 8 ms, Max Speed: 5.05 M/s, Avg Speed: 5.05 M/s, Max Resolution: 1920x1080
Category: 🎬电影频道, Name: 纬来电影, Total: 21, Valid: 1, Valid Percent: 4.76%, IPv4: 11, IPv6: 10, Min Delay: 189 ms, Max Speed: 0.26 M/s, Avg Speed: 0.26 M/s, Max Resolution: 1920x818
Category: 🎬电影频道, Name: 经典电影, Total: 9, Valid: 2, Valid Percent: 22.22%, IPv4: 3, IPv6: 6, Min Delay: 61 ms, Max Speed: 5.05 M/s, Avg Speed: 2.86 M/s, Max Resolution: 1920x1080
Category: 🎬电影频道, Name: 无线星河, Total: 2, Valid: 1, Valid Percent: 50.00%, IPv4: 0, IPv6: 2, Min Delay: 174 ms, Max Speed: 16.21 M/s, Avg Speed: 16.21 M/s, Max Resolution: None
Category: 🎬电影频道, Name: 私人影院, Total: 2, Valid: 0, Valid Percent: 0.00%, IPv4: 2, IPv6: 0, Min Delay: -1 ms, Max Speed: 0.00 M/s, Avg Speed: 0.00 M/s, Max Resolution: None
Category: 🎬电影频道, Name: 龙祥电影, Total: 9, Valid: 1, Valid Percent: 11.11%, IPv4: 8, IPv6: 1, Min Delay: 280 ms, Max Speed: 0.44 M/s, Avg Speed: 0.44 M/s, Max Resolution: None
Category: 🎬电影频道, Name: 星空卫视, Total: 8, Valid: 3, Valid Percent: 37.50%, IPv4: 3, IPv6: 5, Min Delay: 82 ms, Max Speed: 3.75 M/s, Avg Speed: 1.50 M/s, Max Resolution: 1920x1080
Category: 🎬电影频道, Name: 靖天戏剧, Total: 22, Valid: 2, Valid Percent: 9.09%, IPv4: 17, IPv6: 5, Min Delay: 8 ms, Max Speed: 18.29 M/s, Avg Speed: 11.69 M/s, Max Resolution: 1920x1080
Category: 🎬电影频道, Name: 天映经典, Total: 30, Valid: 7, Valid Percent: 23.33%, IPv4: 17, IPv6: 13, Min Delay: 64 ms, Max Speed: 20.82 M/s, Avg Speed: 8.27 M/s, Max Resolution: 1920x1080
Category: 🏀体育频道, Name: 体育赛事, Total: 1, Valid: 0, Valid Percent: 0.00%, IPv4: 1, IPv6: 0, Min Delay: -1 ms, Max Speed: 0.00 M/s, Avg Speed: 0.00 M/s, Max Resolution: None
Category: 🏀体育频道, Name: 劲爆体育, Total: 5, Valid: 2, Valid Percent: 40.00%, IPv4: 3, IPv6: 2, Min Delay: 114 ms, Max Speed: 3.66 M/s, Avg Speed: 3.65 M/s, Max Resolution: 1920x1080
Category: 🏀体育频道, Name: 睛彩篮球, Total: 4, Valid: 0, Valid Percent: 0.00%, IPv4: 3, IPv6: 1, Min Delay: -1 ms, Max Speed: 0.00 M/s, Avg Speed: 0.00 M/s, Max Resolution: None
Category: 🏀体育频道, Name: 睛彩广场舞, Total: 12, Valid: 1, Valid Percent: 8.33%, IPv4: 5, IPv6: 7, Min Delay: 145 ms, Max Speed: 6.86 M/s, Avg Speed: 6.86 M/s, Max Resolution: 1920x1080
Category: 🏀体育频道, Name: 五星体育, Total: 18, Valid: 1, Valid Percent: 5.56%, IPv4: 5, IPv6: 13, Min Delay: 126 ms, Max Speed: 3.68 M/s, Avg Speed: 3.68 M/s, Max Resolution: 1920x1080
Category: 🎬电影频道, Name: 东森洋片, Total: 18, Valid: 2, Valid Percent: 11.11%, IPv4: 12, IPv6: 6, Min Delay: 64 ms, Max Speed: 4.80 M/s, Avg Speed: 2.98 M/s, Max Resolution: 1920x1080
Category: 🏀体育频道, Name: 天元围棋, Total: 1, Valid: 0, Valid Percent: 0.00%, IPv4: 0, IPv6: 1, Min Delay: -1 ms, Max Speed: 0.00 M/s, Avg Speed: 0.00 M/s, Max Resolution: None
Category: 🏀体育频道, Name: 魅力足球, Total: 9, Valid: 2, Valid Percent: 22.22%, IPv4: 2, IPv6: 7, Min Delay: 121 ms, Max Speed: 3.73 M/s, Avg Speed: 3.67 M/s, Max Resolution: 1920x1080
Category: 🏀体育频道, Name: 快乐垂钓, Total: 13, Valid: 1, Valid Percent: 7.69%, IPv4: 11, IPv6: 2, Min Delay: 480 ms, Max Speed: 0.05 M/s, Avg Speed: 0.05 M/s, Max Resolution: 0x0
Category: 🏀体育频道, Name: 爱体育, Total: 5, Valid: 0, Valid Percent: 0.00%, IPv4: 0, IPv6: 5, Min Delay: -1 ms, Max Speed: 0.00 M/s, Avg Speed: 0.00 M/s, Max Resolution: None
Category: 🏀体育频道, Name: 天津体育, Total: 4, Valid: 1, Valid Percent: 25.00%, IPv4: 4, IPv6: 0, Min Delay: 698 ms, Max Speed: 0.45 M/s, Avg Speed: 0.45 M/s, Max Resolution: 1920x1080
Category: 🪁动画频道, Name: 新动漫, Total: 9, Valid: 0, Valid Percent: 0.00%, IPv4: 8, IPv6: 1, Min Delay: -1 ms, Max Speed: 0.00 M/s, Avg Speed: 0.00 M/s, Max Resolution: None
Category: 🏀体育频道, Name: JJ斗地主, Total: 6, Valid: 1, Valid Percent: 16.67%, IPv4: 5, IPv6: 1, Min Delay: 1791 ms, Max Speed: 0.15 M/s, Avg Speed: 0.15 M/s, Max Resolution: None
Category: 🪁动画频道, Name: CN卡通, Total: 3, Valid: 1, Valid Percent: 33.33%, IPv4: 1, IPv6: 2, Min Delay: 63 ms, Max Speed: 4.87 M/s, Avg Speed: 4.87 M/s, Max Resolution: 1920x1080
Category: 🪁动画频道, Name: 少儿动画, Total: 13, Valid: 0, Valid Percent: 0.00%, IPv4: 13, IPv6: 0, Min Delay: -1 ms, Max Speed: 0.00 M/s, Avg Speed: 0.00 M/s, Max Resolution: None
Category: 🪁动画频道, Name: 爱动漫, Total: 5, Valid: 0, Valid Percent: 0.00%, IPv4: 1, IPv6: 4, Min Delay: -1 ms, Max Speed: 0.00 M/s, Avg Speed: 0.00 M/s, Max Resolution: None
Category: 🪁动画频道, Name: 海绵宝宝, Total: 1, Valid: 1, Valid Percent: 100.00%, IPv4: 0, IPv6: 1, Min Delay: 130 ms, Max Speed: 3.64 M/s, Avg Speed: 3.64 M/s, Max Resolution: 1920x1080
Category: 🪁动画频道, Name: 猫和老鼠, Total: 3, Valid: 0, Valid Percent: 0.00%, IPv4: 1, IPv6: 2, Min Delay: -1 ms, Max Speed: 0.00 M/s, Avg Speed: 0.00 M/s, Max Resolution: None
Category: 🪁动画频道, Name: 蜡笔小新, Total: 1, Valid: 1, Valid Percent: 100.00%, IPv4: 1, IPv6: 0, Min Delay: 127 ms, Max Speed: 3.52 M/s, Avg Speed: 3.52 M/s, Max Resolution: 1920x1080
Category: 🪁动画频道, Name: 中华小当家, Total: 4, Valid: 0, Valid Percent: 0.00%, IPv4: 2, IPv6: 2, Min Delay: 352 ms, Max Speed: 0.00 M/s, Avg Speed: 0.00 M/s, Max Resolution: None
Category: 🎮游戏频道, Name: 爱电竞, Total: 1, Valid: 0, Valid Percent: 0.00%, IPv4: 0, IPv6: 1, Min Delay: -1 ms, Max Speed: 0.00 M/s, Avg Speed: 0.00 M/s, Max Resolution: None
Category: 🎮游戏频道, Name: 游戏风云, Total: 8, Valid: 2, Valid Percent: 25.00%, IPv4: 6, IPv6: 2, Min Delay: 112 ms, Max Speed: 3.64 M/s, Avg Speed: 3.61 M/s, Max Resolution: 1920x1080
Category: 🪁动画频道, Name: 金鹰卡通, Total: 110, Valid: 9, Valid Percent: 8.18%, IPv4: 60, IPv6: 50, Min Delay: 278 ms, Max Speed: 0.59 M/s, Avg Speed: 0.42 M/s, Max Resolution: 1280x720
Category: 🪁动画频道, Name: 漫画解说, Total: 2, Valid: 2, Valid Percent: 100.00%, IPv4: 0, IPv6: 2, Min Delay: 126 ms, Max Speed: 3.59 M/s, Avg Speed: 1.83 M/s, Max Resolution: 1920x1080
Category: 🎵音乐频道, Name: 音乐广播, Total: 11, Valid: 0, Valid Percent: 0.00%, IPv4: 0, IPv6: 11, Min Delay: -1 ms, Max Speed: 0.00 M/s, Avg Speed: 0.00 M/s, Max Resolution: None
Category: 🎵音乐频道, Name: 音乐调频广播, Total: 1, Valid: 0, Valid Percent: 0.00%, IPv4: 1, IPv6: 0, Min Delay: -1 ms, Max Speed: 0.00 M/s, Avg Speed: 0.00 M/s, Max Resolution: None
Category: 🎵音乐频道, Name: 音乐现场, Total: 3, Valid: 2, Valid Percent: 66.67%, IPv4: 3, IPv6: 0, Min Delay: 324 ms, Max Speed: 0.36 M/s, Avg Speed: 0.33 M/s, Max Resolution: None
Category: 🏛经典剧场, Name: 笑傲江湖, Total: 3, Valid: 0, Valid Percent: 0.00%, IPv4: 2, IPv6: 1, Min Delay: -1 ms, Max Speed: 0.00 M/s, Avg Speed: 0.00 M/s, Max Resolution: None
Category: 🏛经典剧场, Name: 鹿鼎记, Total: 1, Valid: 1, Valid Percent: 100.00%, IPv4: 1, IPv6: 0, Min Delay: 1101 ms, Max Speed: 0.06 M/s, Avg Speed: 0.06 M/s, Max Resolution: 800x600
Category: 🏛经典剧场, Name: 仙剑奇侠传, Total: 1, Valid: 1, Valid Percent: 100.00%, IPv4: 1, IPv6: 0, Min Delay: 1073 ms, Max Speed: 0.06 M/s, Avg Speed: 0.06 M/s, Max Resolution: 1920x1080
Category: 🪁动画频道, Name: 河北少儿科教, Total: 11, Valid: 0, Valid Percent: 0.00%, IPv4: 1, IPv6: 10, Min Delay: 284 ms, Max Speed: 0.00 M/s, Avg Speed: 0.00 M/s, Max Resolution: None
Category: 🏛经典剧场, Name: 三国演义, Total: 2, Valid: 0, Valid Percent: 0.00%, IPv4: 1, IPv6: 1, Min Delay: -1 ms, Max Speed: 0.00 M/s, Avg Speed: 0.00 M/s, Max Resolution: None
Category: 🪁动画频道, Name: 七龙珠, Total: 4, Valid: 1, Valid Percent: 25.00%, IPv4: 3, IPv6: 1, Min Delay: 738 ms, Max Speed: 0.93 M/s, Avg Speed: 0.93 M/s, Max Resolution: None
Category: 🏛经典剧场, Name: 封神榜, Total: 1, Valid: 0, Valid Percent: 0.00%, IPv4: 1, IPv6: 0, Min Delay: -1 ms, Max Speed: 0.00 M/s, Avg Speed: 0.00 M/s, Max Resolution: None
Category: 🪁动画频道, Name: 火影忍者, Total: 2, Valid: 0, Valid Percent: 0.00%, IPv4: 1, IPv6: 1, Min Delay: -1 ms, Max Speed: 0.00 M/s, Avg Speed: 0.00 M/s, Max Resolution: None
Category: 🏛经典剧场, Name: 天龙八部, Total: 3, Valid: 2, Valid Percent: 66.67%, IPv4: 3, IPv6: 0, Min Delay: 1012 ms, Max Speed: 0.09 M/s, Avg Speed: 0.08 M/s, Max Resolution: 1280x720
Category: 🏛经典剧场, Name: 新白娘子传奇, Total: 1, Valid: 1, Valid Percent: 100.00%, IPv4: 1, IPv6: 0, Min Delay: 1366 ms, Max Speed: 0.07 M/s, Avg Speed: 0.07 M/s, Max Resolution: 800x600
Category: 🏛经典剧场, Name: 射雕英雄传, Total: 1, Valid: 0, Valid Percent: 0.00%, IPv4: 1, IPv6: 0, Min Delay: -1 ms, Max Speed: 0.00 M/s, Avg Speed: 0.00 M/s, Max Resolution: None
Category: 🎮游戏频道, Name: 游戏竞技, Total: 1, Valid: 0, Valid Percent: 0.00%, IPv4: 1, IPv6: 0, Min Delay: -1 ms, Max Speed: 0.00 M/s, Avg Speed: 0.00 M/s, Max Resolution: None
Category: 🏛经典剧场, Name: 水浒传, Total: 2, Valid: 1, Valid Percent: 50.00%, IPv4: 1, IPv6: 1, Min Delay: 2493 ms, Max Speed: 0.12 M/s, Avg Speed: 0.12 M/s, Max Resolution: 0x0
Category: 🏛经典剧场, Name: 闯关东, Total: 1, Valid: 1, Valid Percent: 100.00%, IPv4: 1, IPv6: 0, Min Delay: 1873 ms, Max Speed: 0.15 M/s, Avg Speed: 0.15 M/s, Max Resolution: 1920x1080
Category: 🎵音乐频道, Name: 潮流音乐, Total: 1, Valid: 1, Valid Percent: 100.00%, IPv4: 1, IPv6: 0, Min Delay: 5670 ms, Max Speed: 0.03 M/s, Avg Speed: 0.03 M/s, Max Resolution: None
Category: 🏛经典剧场, Name: 西游记, Total: 6, Valid: 0, Valid Percent: 0.00%, IPv4: 3, IPv6: 3, Min Delay: -1 ms, Max Speed: 0.00 M/s, Avg Speed: 0.00 M/s, Max Resolution: None
